month,day,hour,dni_w_m2
12,31,21.0,-0.0
12,31,22.0,-0.0
12,31,23.0,-0.0
1,1,0.0,-0.0
1,1,1.0,-0.0
1,1,2.0,-0.0
1,1,3.0,-0.0
1,1,4.0,-0.0
1,1,5.0,-0.0
1,1,6.0,-0.0
1,1,7.0,430.31
1,1,8.0,276.04
1,1,9.0,807.2
1,1,10.0,599.75
1,1,11.0,819.31
1,1,12.0,551.5
1,1,13.0,0.0
1,1,14.0,0.0
1,1,15.0,0.0
1,1,16.0,3.29
1,1,17.0,0.0
1,1,18.0,0.0
1,1,19.0,-0.0
1,1,20.0,-0.0
1,1,21.0,-0.0
1,1,22.0,-0.0
1,1,23.0,-0.0
1,2,0.0,-0.0
1,2,1.0,-0.0
1,2,2.0,-0.0
1,2,3.0,-0.0
1,2,4.0,-0.0
1,2,5.0,-0.0
1,2,6.0,-0.0
1,2,7.0,40.41
1,2,8.0,0.0
1,2,9.0,0.0
1,2,10.0,78.04
1,2,11.0,253.8
1,2,12.0,954.15
1,2,13.0,8.29
1,2,14.0,0.0
1,2,15.0,0.0
1,2,16.0,3.28
1,2,17.0,0.0
1,2,18.0,0.0
1,2,19.0,-0.0
1,2,20.0,-0.0
1,2,21.0,-0.0
1,2,22.0,-0.0
1,2,23.0,-0.0
1,3,0.0,-0.0
1,3,1.0,-0.0
1,3,2.0,-0.0
1,3,3.0,-0.0
1,3,4.0,-0.0
1,3,5.0,-0.0
1,3,6.0,-0.0
1,3,7.0,40.81
1,3,8.0,42.43
1,3,9.0,326.4
1,3,10.0,493.89
1,3,11.0,292.36
1,3,12.0,639.1
1,3,13.0,952.51
1,3,14.0,573.2
1,3,15.0,317.48
1,3,16.0,389.07
1,3,17.0,0.0
1,3,18.0,0.0
1,3,19.0,-0.0
1,3,20.0,-0.0
1,3,21.0,-0.0
1,3,22.0,-0.0
1,3,23.0,-0.0
1,4,0.0,-0.0
1,4,1.0,-0.0
1,4,2.0,-0.0
1,4,3.0,-0.0
1,4,4.0,-0.0
1,4,5.0,-0.0
1,4,6.0,-0.0
1,4,7.0,329.64
1,4,8.0,679.13
1,4,9.0,866.27
1,4,10.0,46.66
1,4,11.0,197.91
1,4,12.0,0.0
1,4,13.0,297.98
1,4,14.0,9.97
1,4,15.0,0.0
1,4,16.0,0.0
1,4,17.0,0.0
1,4,18.0,0.0
1,4,19.0,-0.0
1,4,20.0,-0.0
1,4,21.0,-0.0
1,4,22.0,-0.0
1,4,23.0,-0.0
1,5,0.0,-0.0
1,5,1.0,-0.0
1,5,2.0,-0.0
1,5,3.0,-0.0
1,5,4.0,-0.0
1,5,5.0,-0.0
1,5,6.0,-0.0
1,5,7.0,244.47
1,5,8.0,629.45
1,5,9.0,864.74
1,5,10.0,910.18
1,5,11.0,987.63
1,5,12.0,706.96
1,5,13.0,0.0
1,5,14.0,0.0
1,5,15.0,84.21
1,5,16.0,749.94
1,5,17.0,0.0
1,5,18.0,0.0
1,5,19.0,-0.0
1,5,20.0,-0.0
1,5,21.0,-0.0
1,5,22.0,-0.0
1,5,23.0,-0.0
1,6,0.0,-0.0
1,6,1.0,-0.0
1,6,2.0,-0.0
1,6,3.0,-0.0
1,6,4.0,-0.0
1,6,5.0,-0.0
1,6,6.0,-0.0
1,6,7.0,467.53
1,6,8.0,727.19
1,6,9.0,773.5
1,6,10.0,893.34
1,6,11.0,935.1
1,6,12.0,563.38
1,6,13.0,801.81
1,6,14.0,598.88
1,6,15.0,0.0
1,6,16.0,0.0
1,6,17.0,0.0
1,6,18.0,0.0
1,6,19.0,-0.0
1,6,20.0,-0.0
1,6,21.0,-0.0
1,6,22.0,-0.0
1,6,23.0,-0.0
1,7,0.0,-0.0
1,7,1.0,-0.0
1,7,2.0,-0.0
1,7,3.0,-0.0
1,7,4.0,-0.0
1,7,5.0,-0.0
1,7,6.0,-0.0
1,7,7.0,392.62
1,7,8.0,471.45
1,7,9.0,503.8
1,7,10.0,538.76
1,7,11.0,692.14
1,7,12.0,575.61
1,7,13.0,266.4
1,7,14.0,1002.13
1,7,15.0,0.0
1,7,16.0,0.0
1,7,17.0,0.0
1,7,18.0,0.0
1,7,19.0,-0.0
1,7,20.0,-0.0
1,7,21.0,-0.0
1,7,22.0,-0.0
1,7,23.0,-0.0
1,8,0.0,-0.0
1,8,1.0,-0.0
1,8,2.0,-0.0
1,8,3.0,-0.0
1,8,4.0,-0.0
1,8,5.0,-0.0
1,8,6.0,-0.0
1,8,7.0,0.0
1,8,8.0,0.0
1,8,9.0,4.82
1,8,10.0,8.86
1,8,11.0,0.0
1,8,12.0,75.28
1,8,13.0,182.63
1,8,14.0,704.42
1,8,15.0,870.86
1,8,16.0,83.99
1,8,17.0,0.0
1,8,18.0,5.47
1,8,19.0,-0.0
1,8,20.0,-0.0
1,8,21.0,-0.0
1,8,22.0,-0.0
1,8,23.0,-0.0
1,9,0.0,-0.0
1,9,1.0,-0.0
1,9,2.0,-0.0
1,9,3.0,-0.0
1,9,4.0,-0.0
1,9,5.0,-0.0
1,9,6.0,-0.0
1,9,7.0,194.88
1,9,8.0,103.67
1,9,9.0,40.26
1,9,10.0,420.59
1,9,11.0,198.15
1,9,12.0,851.57
1,9,13.0,481.49
1,9,14.0,1032.83
1,9,15.0,855.48
1,9,16.0,219.16
1,9,17.0,463.48
1,9,18.0,184.61
1,9,19.0,-0.0
1,9,20.0,-0.0
1,9,21.0,-0.0
1,9,22.0,-0.0
1,9,23.0,-0.0
1,10,0.0,-0.0
1,10,1.0,-0.0
1,10,2.0,-0.0
1,10,3.0,-0.0
1,10,4.0,-0.0
1,10,5.0,-0.0
1,10,6.0,-0.0
1,10,7.0,0.0
1,10,8.0,169.39
1,10,9.0,167.77
1,10,10.0,400.64
1,10,11.0,139.83
1,10,12.0,171.08
1,10,13.0,0.0
1,10,14.0,832.56
1,10,15.0,547.87
1,10,16.0,1.61
1,10,17.0,0.0
1,10,18.0,0.0
1,10,19.0,-0.0
1,10,20.0,-0.0
1,10,21.0,-0.0
1,10,22.0,-0.0
1,10,23.0,-0.0
1,11,0.0,-0.0
1,11,1.0,-0.0
1,11,2.0,-0.0
1,11,3.0,-0.0
1,11,4.0,-0.0
1,11,5.0,-0.0
1,11,6.0,-0.0
1,11,7.0,55.24
1,11,8.0,0.0
1,11,9.0,0.0
1,11,10.0,67.25
1,11,11.0,145.36
1,11,12.0,388.41
1,11,13.0,79.27
1,11,14.0,3.3
1,11,15.0,0.0
1,11,16.0,0.0
1,11,17.0,0.0
1,11,18.0,0.0
1,11,19.0,-0.0
1,11,20.0,-0.0
1,11,21.0,-0.0
1,11,22.0,-0.0
1,11,23.0,-0.0
1,12,0.0,-0.0
1,12,1.0,-0.0
1,12,2.0,-0.0
1,12,3.0,-0.0
1,12,4.0,-0.0
1,12,5.0,-0.0
1,12,6.0,-0.0
1,12,7.0,5.58
1,12,8.0,0.0
1,12,9.0,108.45
1,12,10.0,548.53
1,12,11.0,705.93
1,12,12.0,626.18
1,12,13.0,539.03
1,12,14.0,849.26
1,12,15.0,620.5
1,12,16.0,827.52
1,12,17.0,71.7
1,12,18.0,0.0
1,12,19.0,-0.0
1,12,20.0,-0.0
1,12,21.0,-0.0
1,12,22.0,-0.0
1,12,23.0,-0.0
1,13,0.0,-0.0
1,13,1.0,-0.0
1,13,2.0,-0.0
1,13,3.0,-0.0
1,13,4.0,-0.0
1,13,5.0,-0.0
1,13,6.0,-0.0
1,13,7.0,33.83
1,13,8.0,66.04
1,13,9.0,283.74
1,13,10.0,270.65
1,13,11.0,691.68
1,13,12.0,417.98
1,13,13.0,625.98
1,13,14.0,817.58
1,13,15.0,560.33
1,13,16.0,670.8
1,13,17.0,73.86
1,13,18.0,216.86
1,13,19.0,-0.0
1,13,20.0,-0.0
1,13,21.0,-0.0
1,13,22.0,-0.0
1,13,23.0,-0.0
1,14,0.0,-0.0
1,14,1.0,-0.0
1,14,2.0,-0.0
1,14,3.0,-0.0
1,14,4.0,-0.0
1,14,5.0,-0.0
1,14,6.0,-0.0
1,14,7.0,125.31
1,14,8.0,704.48
1,14,9.0,0.0
1,14,10.0,0.0
1,14,11.0,0.0
1,14,12.0,885.02
1,14,13.0,2.05
1,14,14.0,817.72
1,14,15.0,302.98
1,14,16.0,0.0
1,14,17.0,0.0
1,14,18.0,0.0
1,14,19.0,-0.0
1,14,20.0,-0.0
1,14,21.0,-0.0
1,14,22.0,-0.0
1,14,23.0,-0.0
1,15,0.0,-0.0
1,15,1.0,-0.0
1,15,2.0,-0.0
1,15,3.0,-0.0
1,15,4.0,-0.0
1,15,5.0,-0.0
1,15,6.0,-0.0
1,15,7.0,0.0
1,15,8.0,56.65
1,15,9.0,8.13
1,15,10.0,310.45
1,15,11.0,57.28
1,15,12.0,0.0
1,15,13.0,0.0
1,15,14.0,10.93
1,15,15.0,182.0
1,15,16.0,903.37
1,15,17.0,376.56
1,15,18.0,5.23
1,15,19.0,-0.0
1,15,20.0,-0.0
1,15,21.0,-0.0
1,15,22.0,-0.0
1,15,23.0,-0.0
1,16,0.0,-0.0
1,16,1.0,-0.0
1,16,2.0,-0.0
1,16,3.0,-0.0
1,16,4.0,-0.0
1,16,5.0,-0.0
1,16,6.0,-0.0
1,16,7.0,0.0
1,16,8.0,0.0
1,16,9.0,0.0
1,16,10.0,0.0
1,16,11.0,0.0
1,16,12.0,0.0
1,16,13.0,0.0
1,16,14.0,0.0
1,16,15.0,5.01
1,16,16.0,30.16
1,16,17.0,30.7
1,16,18.0,36.41
1,16,19.0,-0.0
1,16,20.0,-0.0
1,16,21.0,-0.0
1,16,22.0,-0.0
1,16,23.0,-0.0
1,17,0.0,-0.0
1,17,1.0,-0.0
1,17,2.0,-0.0
1,17,3.0,-0.0
1,17,4.0,-0.0
1,17,5.0,-0.0
1,17,6.0,-0.0
1,17,7.0,0.0
1,17,8.0,0.0
1,17,9.0,0.0
1,17,10.0,170.69
1,17,11.0,600.32
1,17,12.0,734.86
1,17,13.0,626.02
1,17,14.0,390.53
1,17,15.0,336.62
1,17,16.0,172.66
1,17,17.0,7.07
1,17,18.0,0.0
1,17,19.0,-0.0
1,17,20.0,-0.0
1,17,21.0,-0.0
1,17,22.0,-0.0
1,17,23.0,-0.0
1,18,0.0,-0.0
1,18,1.0,-0.0
1,18,2.0,-0.0
1,18,3.0,-0.0
1,18,4.0,-0.0
1,18,5.0,-0.0
1,18,6.0,-0.0
1,18,7.0,332.31
1,18,8.0,557.37
1,18,9.0,723.83
1,18,10.0,824.62
1,18,11.0,801.87
1,18,12.0,332.85
1,18,13.0,551.81
1,18,14.0,300.74
1,18,15.0,28.74
1,18,16.0,687.75
1,18,17.0,0.0
1,18,18.0,0.0
1,18,19.0,-0.0
1,18,20.0,-0.0
1,18,21.0,-0.0
1,18,22.0,-0.0
1,18,23.0,-0.0
1,19,0.0,-0.0
1,19,1.0,-0.0
1,19,2.0,-0.0
1,19,3.0,-0.0
1,19,4.0,-0.0
1,19,5.0,-0.0
1,19,6.0,-0.0
1,19,7.0,95.92
1,19,8.0,107.35
1,19,9.0,85.08
1,19,10.0,418.26
1,19,11.0,587.06
1,19,12.0,638.68
1,19,13.0,418.38
1,19,14.0,472.36
1,19,15.0,8.73
1,19,16.0,757.48
1,19,17.0,91.38
1,19,18.0,0.0
1,19,19.0,-0.0
1,19,20.0,-0.0
1,19,21.0,-0.0
1,19,22.0,-0.0
1,19,23.0,-0.0
1,20,0.0,-0.0
1,20,1.0,-0.0
1,20,2.0,-0.0
1,20,3.0,-0.0
1,20,4.0,-0.0
1,20,5.0,-0.0
1,20,6.0,-0.0
1,20,7.0,48.45
1,20,8.0,588.55
1,20,9.0,668.51
1,20,10.0,632.8
1,20,11.0,637.67
1,20,12.0,290.45
1,20,13.0,493.67
1,20,14.0,419.65
1,20,15.0,859.67
1,20,16.0,546.6
1,20,17.0,98.17
1,20,18.0,76.62
1,20,19.0,-0.0
1,20,20.0,-0.0
1,20,21.0,-0.0
1,20,22.0,-0.0
1,20,23.0,-0.0
1,21,0.0,-0.0
1,21,1.0,-0.0
1,21,2.0,-0.0
1,21,3.0,-0.0
1,21,4.0,-0.0
1,21,5.0,-0.0
1,21,6.0,-0.0
1,21,7.0,0.0
1,21,8.0,0.0
1,21,9.0,31.17
1,21,10.0,0.0
1,21,11.0,0.0
1,21,12.0,0.0
1,21,13.0,0.0
1,21,14.0,0.0
1,21,15.0,0.0
1,21,16.0,0.0
1,21,17.0,0.0
1,21,18.0,0.0
1,21,19.0,-0.0
1,21,20.0,-0.0
1,21,21.0,-0.0
1,21,22.0,-0.0
1,21,23.0,-0.0
1,22,0.0,-0.0
1,22,1.0,-0.0
1,22,2.0,-0.0
1,22,3.0,-0.0
1,22,4.0,-0.0
1,22,5.0,-0.0
1,22,6.0,-0.0
1,22,7.0,123.6
1,22,8.0,0.0
1,22,9.0,0.0
1,22,10.0,0.0
1,22,11.0,0.0
1,22,12.0,0.0
1,22,13.0,0.0
1,22,14.0,0.0
1,22,15.0,0.0
1,22,16.0,0.0
1,22,17.0,0.0
1,22,18.0,0.0
1,22,19.0,-0.0
1,22,20.0,-0.0
1,22,21.0,-0.0
1,22,22.0,-0.0
1,22,23.0,-0.0
1,23,0.0,-0.0
1,23,1.0,-0.0
1,23,2.0,-0.0
1,23,3.0,-0.0
1,23,4.0,-0.0
1,23,5.0,-0.0
1,23,6.0,-0.0
1,23,7.0,0.0
1,23,8.0,0.0
1,23,9.0,0.0
1,23,10.0,0.0
1,23,11.0,0.0
1,23,12.0,0.0
1,23,13.0,0.0
1,23,14.0,787.81
1,23,15.0,451.65
1,23,16.0,0.0
1,23,17.0,650.18
1,23,18.0,409.44
1,23,19.0,-0.0
1,23,20.0,-0.0
1,23,21.0,-0.0
1,23,22.0,-0.0
1,23,23.0,-0.0
1,24,0.0,-0.0
1,24,1.0,-0.0
1,24,2.0,-0.0
1,24,3.0,-0.0
1,24,4.0,-0.0
1,24,5.0,-0.0
1,24,6.0,-0.0
1,24,7.0,12.61
1,24,8.0,0.0
1,24,9.0,0.0
1,24,10.0,448.54
1,24,11.0,0.0
1,24,12.0,575.64
1,24,13.0,937.3
1,24,14.0,293.36
1,24,15.0,0.0
1,24,16.0,0.0
1,24,17.0,0.0
1,24,18.0,0.0
1,24,19.0,-0.0
1,24,20.0,-0.0
1,24,21.0,-0.0
1,24,22.0,-0.0
1,24,23.0,-0.0
1,25,0.0,-0.0
1,25,1.0,-0.0
1,25,2.0,-0.0
1,25,3.0,-0.0
1,25,4.0,-0.0
1,25,5.0,-0.0
1,25,6.0,-0.0
1,25,7.0,133.72
1,25,8.0,427.21
1,25,9.0,666.12
1,25,10.0,731.21
1,25,11.0,650.48
1,25,12.0,587.63
1,25,13.0,482.53
1,25,14.0,420.66
1,25,15.0,0.0
1,25,16.0,0.0
1,25,17.0,0.0
1,25,18.0,0.0
1,25,19.0,-0.0
1,25,20.0,-0.0
1,25,21.0,-0.0
1,25,22.0,-0.0
1,25,23.0,-0.0
1,26,0.0,-0.0
1,26,1.0,-0.0
1,26,2.0,-0.0
1,26,3.0,-0.0
1,26,4.0,-0.0
1,26,5.0,-0.0
1,26,6.0,-0.0
1,26,7.0,57.87
1,26,8.0,132.61
1,26,9.0,597.54
1,26,10.0,70.33
1,26,11.0,308.12
1,26,12.0,266.04
1,26,13.0,587.95
1,26,14.0,601.73
1,26,15.0,373.32
1,26,16.0,118.58
1,26,17.0,110.85
1,26,18.0,0.0
1,26,19.0,-0.0
1,26,20.0,-0.0
1,26,21.0,-0.0
1,26,22.0,-0.0
1,26,23.0,-0.0
1,27,0.0,-0.0
1,27,1.0,-0.0
1,27,2.0,-0.0
1,27,3.0,-0.0
1,27,4.0,-0.0
1,27,5.0,-0.0
1,27,6.0,-0.0
1,27,7.0,12.99
1,27,8.0,0.0
1,27,9.0,0.0
1,27,10.0,0.0
1,27,11.0,0.0
1,27,12.0,75.68
1,27,13.0,83.35
1,27,14.0,60.44
1,27,15.0,328.44
1,27,16.0,65.44
1,27,17.0,2.31
1,27,18.0,0.0
1,27,19.0,-0.0
1,27,20.0,-0.0
1,27,21.0,-0.0
1,27,22.0,-0.0
1,27,23.0,-0.0
1,28,0.0,-0.0
1,28,1.0,-0.0
1,28,2.0,-0.0
1,28,3.0,-0.0
1,28,4.0,-0.0
1,28,5.0,-0.0
1,28,6.0,-0.0
1,28,7.0,65.56
1,28,8.0,7.69
1,28,9.0,0.0
1,28,10.0,10.24
1,28,11.0,124.3
1,28,12.0,182.97
1,28,13.0,165.55
1,28,14.0,211.33
1,28,15.0,3.7
1,28,16.0,0.0
1,28,17.0,0.0
1,28,18.0,0.0
1,28,19.0,-0.0
1,28,20.0,-0.0
1,28,21.0,-0.0
1,28,22.0,-0.0
1,28,23.0,-0.0
1,29,0.0,-0.0
1,29,1.0,-0.0
1,29,2.0,-0.0
1,29,3.0,-0.0
1,29,4.0,-0.0
1,29,5.0,-0.0
1,29,6.0,-0.0
1,29,7.0,0.0
1,29,8.0,0.0
1,29,9.0,0.0
1,29,10.0,0.0
1,29,11.0,0.0
1,29,12.0,0.0
1,29,13.0,0.0
1,29,14.0,66.79
1,29,15.0,311.7
1,29,16.0,191.18
1,29,17.0,0.0
1,29,18.0,0.0
1,29,19.0,-0.0
1,29,20.0,-0.0
1,29,21.0,-0.0
1,29,22.0,-0.0
1,29,23.0,-0.0
1,30,0.0,-0.0
1,30,1.0,-0.0
1,30,2.0,-0.0
1,30,3.0,-0.0
1,30,4.0,-0.0
1,30,5.0,-0.0
1,30,6.0,-0.0
1,30,7.0,0.0
1,30,8.0,0.0
1,30,9.0,1.66
1,30,10.0,0.0
1,30,11.0,57.18
1,30,12.0,0.0
1,30,13.0,0.0
1,30,14.0,124.85
1,30,15.0,177.23
1,30,16.0,203.39
1,30,17.0,0.0
1,30,18.0,194.43
1,30,19.0,-0.0
1,30,20.0,-0.0
1,30,21.0,-0.0
1,30,22.0,-0.0
1,30,23.0,-0.0
1,31,0.0,-0.0
1,31,1.0,-0.0
1,31,2.0,-0.0
1,31,3.0,-0.0
1,31,4.0,-0.0
1,31,5.0,-0.0
1,31,6.0,-0.0
1,31,7.0,6.74
1,31,8.0,2.58
1,31,9.0,6.64
1,31,10.0,199.72
1,31,11.0,470.49
1,31,12.0,550.1
1,31,13.0,665.83
1,31,14.0,268.84
1,31,15.0,783.24
1,31,16.0,21.71
1,31,17.0,0.0
1,31,18.0,0.0
1,31,19.0,-0.0
1,31,20.0,-0.0
1,31,21.0,-0.0
1,31,22.0,-0.0
1,31,23.0,-0.0
2,1,0.0,-0.0
2,1,1.0,-0.0
2,1,2.0,-0.0
2,1,3.0,-0.0
2,1,4.0,-0.0
2,1,5.0,-0.0
2,1,6.0,-0.0
2,1,7.0,163.3
2,1,8.0,290.13
2,1,9.0,665.8
2,1,10.0,367.49
2,1,11.0,863.82
2,1,12.0,1024.15
2,1,13.0,718.04
2,1,14.0,586.66
2,1,15.0,409.08
2,1,16.0,0.0
2,1,17.0,0.0
2,1,18.0,0.0
2,1,19.0,-0.0
2,1,20.0,-0.0
2,1,21.0,-0.0
2,1,22.0,-0.0
2,1,23.0,-0.0
2,2,0.0,-0.0
2,2,1.0,-0.0
2,2,2.0,-0.0
2,2,3.0,-0.0
2,2,4.0,-0.0
2,2,5.0,-0.0
2,2,6.0,-0.0
2,2,7.0,295.21
2,2,8.0,690.67
2,2,9.0,737.8
2,2,10.0,836.26
2,2,11.0,927.33
2,2,12.0,222.26
2,2,13.0,0.0
2,2,14.0,0.0
2,2,15.0,0.0
2,2,16.0,0.0
2,2,17.0,0.0
2,2,18.0,0.0
2,2,19.0,-0.0
2,2,20.0,-0.0
2,2,21.0,-0.0
2,2,22.0,-0.0
2,2,23.0,-0.0
2,3,0.0,-0.0
2,3,1.0,-0.0
2,3,2.0,-0.0
2,3,3.0,-0.0
2,3,4.0,-0.0
2,3,5.0,-0.0
2,3,6.0,-0.0
2,3,7.0,62.33
2,3,8.0,356.53
2,3,9.0,663.54
2,3,10.0,567.39
2,3,11.0,912.82
2,3,12.0,411.7
2,3,13.0,476.37
2,3,14.0,233.87
2,3,15.0,31.89
2,3,16.0,9.28
2,3,17.0,604.38
2,3,18.0,0.0
2,3,19.0,-0.0
2,3,20.0,-0.0
2,3,21.0,-0.0
2,3,22.0,-0.0
2,3,23.0,-0.0
2,4,0.0,-0.0
2,4,1.0,-0.0
2,4,2.0,-0.0
2,4,3.0,-0.0
2,4,4.0,-0.0
2,4,5.0,-0.0
2,4,6.0,-0.0
2,4,7.0,0.0
2,4,8.0,2.61
2,4,9.0,189.72
2,4,10.0,320.23
2,4,11.0,698.44
2,4,12.0,786.33
2,4,13.0,283.02
2,4,14.0,760.08
2,4,15.0,622.55
2,4,16.0,0.0
2,4,17.0,0.0
2,4,18.0,0.0
2,4,19.0,-0.0
2,4,20.0,-0.0
2,4,21.0,-0.0
2,4,22.0,-0.0
2,4,23.0,-0.0
2,5,0.0,-0.0
2,5,1.0,-0.0
2,5,2.0,-0.0
2,5,3.0,-0.0
2,5,4.0,-0.0
2,5,5.0,-0.0
2,5,6.0,-0.0
2,5,7.0,176.13
2,5,8.0,196.02
2,5,9.0,446.33
2,5,10.0,579.03
2,5,11.0,771.82
2,5,12.0,594.56
2,5,13.0,153.54
2,5,14.0,287.11
2,5,15.0,0.0
2,5,16.0,0.0
2,5,17.0,0.0
2,5,18.0,0.0
2,5,19.0,-0.0
2,5,20.0,-0.0
2,5,21.0,-0.0
2,5,22.0,-0.0
2,5,23.0,-0.0
2,6,0.0,-0.0
2,6,1.0,-0.0
2,6,2.0,-0.0
2,6,3.0,-0.0
2,6,4.0,-0.0
2,6,5.0,-0.0
2,6,6.0,-0.0
2,6,7.0,326.76
2,6,8.0,515.93
2,6,9.0,819.93
2,6,10.0,636.71
2,6,11.0,641.0
2,6,12.0,668.58
2,6,13.0,926.79
2,6,14.0,581.35
2,6,15.0,581.34
2,6,16.0,6.18
2,6,17.0,0.0
2,6,18.0,0.0
2,6,19.0,-0.0
2,6,20.0,-0.0
2,6,21.0,-0.0
2,6,22.0,-0.0
2,6,23.0,-0.0
2,7,0.0,-0.0
2,7,1.0,-0.0
2,7,2.0,-0.0
2,7,3.0,-0.0
2,7,4.0,-0.0
2,7,5.0,-0.0
2,7,6.0,-0.0
2,7,7.0,0.0
2,7,8.0,383.11
2,7,9.0,181.76
2,7,10.0,781.52
2,7,11.0,0.0
2,7,12.0,0.0
2,7,13.0,29.26
2,7,14.0,0.0
2,7,15.0,0.0
2,7,16.0,0.0
2,7,17.0,0.0
2,7,18.0,0.0
2,7,19.0,-0.0
2,7,20.0,-0.0
2,7,21.0,-0.0
2,7,22.0,-0.0
2,7,23.0,-0.0
2,8,0.0,-0.0
2,8,1.0,-0.0
2,8,2.0,-0.0
2,8,3.0,-0.0
2,8,4.0,-0.0
2,8,5.0,-0.0
2,8,6.0,-0.0
2,8,7.0,21.65
2,8,8.0,57.84
2,8,9.0,477.2
2,8,10.0,479.17
2,8,11.0,745.97
2,8,12.0,970.97
2,8,13.0,955.04
2,8,14.0,576.41
2,8,15.0,56.24
2,8,16.0,800.78
2,8,17.0,672.48
2,8,18.0,195.46
2,8,19.0,-0.0
2,8,20.0,-0.0
2,8,21.0,-0.0
2,8,22.0,-0.0
2,8,23.0,-0.0
2,9,0.0,-0.0
2,9,1.0,-0.0
2,9,2.0,-0.0
2,9,3.0,-0.0
2,9,4.0,-0.0
2,9,5.0,-0.0
2,9,6.0,-0.0
2,9,7.0,0.0
2,9,8.0,28.97
2,9,9.0,156.93
2,9,10.0,149.9
2,9,11.0,175.48
2,9,12.0,355.71
2,9,13.0,572.54
2,9,14.0,83.37
2,9,15.0,91.65
2,9,16.0,0.0
2,9,17.0,258.54
2,9,18.0,0.0
2,9,19.0,-0.0
2,9,20.0,-0.0
2,9,21.0,-0.0
2,9,22.0,-0.0
2,9,23.0,-0.0
2,10,0.0,-0.0
2,10,1.0,-0.0
2,10,2.0,-0.0
2,10,3.0,-0.0
2,10,4.0,-0.0
2,10,5.0,-0.0
2,10,6.0,-0.0
2,10,7.0,80.59
2,10,8.0,76.51
2,10,9.0,175.38
2,10,10.0,745.68
2,10,11.0,701.73
2,10,12.0,161.53
2,10,13.0,63.47
2,10,14.0,71.58
2,10,15.0,0.0
2,10,16.0,286.88
2,10,17.0,292.99
2,10,18.0,256.86
2,10,19.0,-0.0
2,10,20.0,-0.0
2,10,21.0,-0.0
2,10,22.0,-0.0
2,10,23.0,-0.0
2,11,0.0,-0.0
2,11,1.0,-0.0
2,11,2.0,-0.0
2,11,3.0,-0.0
2,11,4.0,-0.0
2,11,5.0,-0.0
2,11,6.0,-0.0
2,11,7.0,339.44
2,11,8.0,684.41
2,11,9.0,853.91
2,11,10.0,431.77
2,11,11.0,253.22
2,11,12.0,420.42
2,11,13.0,686.84
2,11,14.0,846.89
2,11,15.0,1029.49
2,11,16.0,496.61
2,11,17.0,556.55
2,11,18.0,222.26
2,11,19.0,-0.0
2,11,20.0,-0.0
2,11,21.0,-0.0
2,11,22.0,-0.0
2,11,23.0,-0.0
2,12,0.0,-0.0
2,12,1.0,-0.0
2,12,2.0,-0.0
2,12,3.0,-0.0
2,12,4.0,-0.0
2,12,5.0,-0.0
2,12,6.0,-0.0
2,12,7.0,104.03
2,12,8.0,629.89
2,12,9.0,804.12
2,12,10.0,930.14
2,12,11.0,484.39
2,12,12.0,369.51
2,12,13.0,910.06
2,12,14.0,982.16
2,12,15.0,995.07
2,12,16.0,306.93
2,12,17.0,501.95
2,12,18.0,0.0
2,12,19.0,-0.0
2,12,20.0,-0.0
2,12,21.0,-0.0
2,12,22.0,-0.0
2,12,23.0,-0.0
2,13,0.0,-0.0
2,13,1.0,-0.0
2,13,2.0,-0.0
2,13,3.0,-0.0
2,13,4.0,-0.0
2,13,5.0,-0.0
2,13,6.0,-0.0
2,13,7.0,29.92
2,13,8.0,445.28
2,13,9.0,421.46
2,13,10.0,814.81
2,13,11.0,751.6
2,13,12.0,369.39
2,13,13.0,518.27
2,13,14.0,336.18
2,13,15.0,367.44
2,13,16.0,706.5
2,13,17.0,628.57
2,13,18.0,437.48
2,13,19.0,-0.0
2,13,20.0,-0.0
2,13,21.0,-0.0
2,13,22.0,-0.0
2,13,23.0,-0.0
2,14,0.0,-0.0
2,14,1.0,-0.0
2,14,2.0,-0.0
2,14,3.0,-0.0
2,14,4.0,-0.0
2,14,5.0,-0.0
2,14,6.0,-0.0
2,14,7.0,278.57
2,14,8.0,583.91
2,14,9.0,729.45
2,14,10.0,860.89
2,14,11.0,637.51
2,14,12.0,425.07
2,14,13.0,888.31
2,14,14.0,220.86
2,14,15.0,46.38
2,14,16.0,0.0
2,14,17.0,353.66
2,14,18.0,5.11
2,14,19.0,-0.0
2,14,20.0,-0.0
2,14,21.0,-0.0
2,14,22.0,-0.0
2,14,23.0,-0.0
2,15,0.0,-0.0
2,15,1.0,-0.0
2,15,2.0,-0.0
2,15,3.0,-0.0
2,15,4.0,-0.0
2,15,5.0,-0.0
2,15,6.0,-0.0
2,15,7.0,128.79
2,15,8.0,0.0
2,15,9.0,652.71
2,15,10.0,661.01
2,15,11.0,938.52
2,15,12.0,654.14
2,15,13.0,682.89
2,15,14.0,794.73
2,15,15.0,435.76
2,15,16.0,71.0
2,15,17.0,110.36
2,15,18.0,446.31
2,15,19.0,-0.0
2,15,20.0,-0.0
2,15,21.0,-0.0
2,15,22.0,-0.0
2,15,23.0,-0.0
2,16,0.0,-0.0
2,16,1.0,-0.0
2,16,2.0,-0.0
2,16,3.0,-0.0
2,16,4.0,-0.0
2,16,5.0,-0.0
2,16,6.0,-0.0
2,16,7.0,99.07
2,16,8.0,87.81
2,16,9.0,197.54
2,16,10.0,591.8
2,16,11.0,175.18
2,16,12.0,435.98
2,16,13.0,1063.79
2,16,14.0,852.2
2,16,15.0,612.78
2,16,16.0,725.78
2,16,17.0,0.0
2,16,18.0,0.0
2,16,19.0,-0.0
2,16,20.0,-0.0
2,16,21.0,-0.0
2,16,22.0,-0.0
2,16,23.0,-0.0
2,17,0.0,-0.0
2,17,1.0,-0.0
2,17,2.0,-0.0
2,17,3.0,-0.0
2,17,4.0,-0.0
2,17,5.0,-0.0
2,17,6.0,-0.0
2,17,7.0,0.0
2,17,8.0,0.0
2,17,9.0,1.67
2,17,10.0,23.06
2,17,11.0,43.79
2,17,12.0,65.89
2,17,13.0,319.67
2,17,14.0,524.71
2,17,15.0,660.47
2,17,16.0,808.08
2,17,17.0,140.66
2,17,18.0,0.0
2,17,19.0,-0.0
2,17,20.0,-0.0
2,17,21.0,-0.0
2,17,22.0,-0.0
2,17,23.0,-0.0
2,18,0.0,-0.0
2,18,1.0,-0.0
2,18,2.0,-0.0
2,18,3.0,-0.0
2,18,4.0,-0.0
2,18,5.0,-0.0
2,18,6.0,-0.0
2,18,7.0,0.0
2,18,8.0,32.0
2,18,9.0,174.2
2,18,10.0,166.5
2,18,11.0,116.01
2,18,12.0,510.77
2,18,13.0,635.22
2,18,14.0,147.17
2,18,15.0,212.47
2,18,16.0,88.13
2,18,17.0,2.31
2,18,18.0,0.0
2,18,19.0,-0.0
2,18,20.0,-0.0
2,18,21.0,-0.0
2,18,22.0,-0.0
2,18,23.0,-0.0
2,19,0.0,-0.0
2,19,1.0,-0.0
2,19,2.0,-0.0
2,19,3.0,-0.0
2,19,4.0,-0.0
2,19,5.0,-0.0
2,19,6.0,-0.0
2,19,7.0,0.0
2,19,8.0,218.9
2,19,9.0,264.7
2,19,10.0,71.72
2,19,11.0,82.07
2,19,12.0,404.29
2,19,13.0,761.77
2,19,14.0,706.0
2,19,15.0,233.29
2,19,16.0,60.34
2,19,17.0,20.83
2,19,18.0,31.44
2,19,19.0,-0.0
2,19,20.0,-0.0
2,19,21.0,-0.0
2,19,22.0,-0.0
2,19,23.0,-0.0
2,20,0.0,-0.0
2,20,1.0,-0.0
2,20,2.0,-0.0
2,20,3.0,-0.0
2,20,4.0,-0.0
2,20,5.0,-0.0
2,20,6.0,-0.0
2,20,7.0,0.0
2,20,8.0,0.0
2,20,9.0,0.0
2,20,10.0,0.0
2,20,11.0,0.0
2,20,12.0,0.0
2,20,13.0,0.0
2,20,14.0,170.65
2,20,15.0,200.38
2,20,16.0,520.34
2,20,17.0,380.28
2,20,18.0,100.19
2,20,19.0,-0.0
2,20,20.0,-0.0
2,20,21.0,-0.0
2,20,22.0,-0.0
2,20,23.0,-0.0
2,21,0.0,-0.0
2,21,1.0,-0.0
2,21,2.0,-0.0
2,21,3.0,-0.0
2,21,4.0,-0.0
2,21,5.0,-0.0
2,21,6.0,-0.0
2,21,7.0,351.88
2,21,8.0,264.75
2,21,9.0,499.42
2,21,10.0,699.16
2,21,11.0,935.31
2,21,12.0,939.01
2,21,13.0,1082.22
2,21,14.0,682.67
2,21,15.0,508.5
2,21,16.0,513.1
2,21,17.0,597.23
2,21,18.0,127.4
2,21,19.0,-0.0
2,21,20.0,-0.0
2,21,21.0,-0.0
2,21,22.0,-0.0
2,21,23.0,-0.0
2,22,0.0,-0.0
2,22,1.0,-0.0
2,22,2.0,-0.0
2,22,3.0,-0.0
2,22,4.0,-0.0
2,22,5.0,-0.0
2,22,6.0,-0.0
2,22,7.0,70.68
2,22,8.0,173.96
2,22,9.0,164.26
2,22,10.0,343.15
2,22,11.0,651.9
2,22,12.0,613.79
2,22,13.0,628.03
2,22,14.0,0.0
2,22,15.0,0.0
2,22,16.0,0.0
2,22,17.0,0.0
2,22,18.0,0.0
2,22,19.0,-0.0
2,22,20.0,-0.0
2,22,21.0,-0.0
2,22,22.0,-0.0
2,22,23.0,-0.0
2,23,0.0,-0.0
2,23,1.0,-0.0
2,23,2.0,-0.0
2,23,3.0,-0.0
2,23,4.0,-0.0
2,23,5.0,-0.0
2,23,6.0,-0.0
2,23,7.0,15.77
2,23,8.0,417.8
2,23,9.0,549.85
2,23,10.0,898.8
2,23,11.0,907.75
2,23,12.0,741.36
2,23,13.0,78.38
2,23,14.0,48.02
2,23,15.0,4.89
2,23,16.0,0.0
2,23,17.0,4.67
2,23,18.0,0.0
2,23,19.0,-0.0
2,23,20.0,-0.0
2,23,21.0,-0.0
2,23,22.0,-0.0
2,23,23.0,-0.0
2,24,0.0,-0.0
2,24,1.0,-0.0
2,24,2.0,-0.0
2,24,3.0,-0.0
2,24,4.0,-0.0
2,24,5.0,-0.0
2,24,6.0,-0.0
2,24,7.0,189.97
2,24,8.0,423.43
2,24,9.0,831.56
2,24,10.0,812.96
2,24,11.0,428.68
2,24,12.0,428.4
2,24,13.0,655.26
2,24,14.0,197.48
2,24,15.0,0.0
2,24,16.0,491.59
2,24,17.0,2.34
2,24,18.0,0.0
2,24,19.0,-0.0
2,24,20.0,-0.0
2,24,21.0,-0.0
2,24,22.0,-0.0
2,24,23.0,-0.0
2,25,0.0,-0.0
2,25,1.0,-0.0
2,25,2.0,-0.0
2,25,3.0,-0.0
2,25,4.0,-0.0
2,25,5.0,-0.0
2,25,6.0,-0.0
2,25,7.0,87.38
2,25,8.0,155.53
2,25,9.0,1.68
2,25,10.0,0.0
2,25,11.0,0.0
2,25,12.0,0.0
2,25,13.0,2.01
2,25,14.0,0.0
2,25,15.0,0.0
2,25,16.0,3.12
2,25,17.0,0.0
2,25,18.0,0.0
2,25,19.0,-0.0
2,25,20.0,-0.0
2,25,21.0,-0.0
2,25,22.0,-0.0
2,25,23.0,-0.0
2,26,0.0,-0.0
2,26,1.0,-0.0
2,26,2.0,-0.0
2,26,3.0,-0.0
2,26,4.0,-0.0
2,26,5.0,-0.0
2,26,6.0,-0.0
2,26,7.0,0.0
2,26,8.0,5.37
2,26,9.0,40.24
2,26,10.0,71.69
2,26,11.0,78.73
2,26,12.0,173.19
2,26,13.0,179.96
2,26,14.0,417.72
2,26,15.0,206.04
2,26,16.0,24.96
2,26,17.0,141.3
2,26,18.0,386.37
2,26,19.0,-0.0
2,26,20.0,-0.0
2,26,21.0,-0.0
2,26,22.0,-0.0
2,26,23.0,-0.0
2,27,0.0,-0.0
2,27,1.0,-0.0
2,27,2.0,-0.0
2,27,3.0,-0.0
2,27,4.0,-0.0
2,27,5.0,-0.0
2,27,6.0,-0.0
2,27,7.0,79.93
2,27,8.0,2.68
2,27,9.0,0.0
2,27,10.0,1.28
2,27,11.0,33.9
2,27,12.0,179.28
2,27,13.0,762.23
2,27,14.0,369.83
2,27,15.0,79.79
2,27,16.0,0.0
2,27,17.0,0.0
2,27,18.0,0.0
2,27,19.0,-0.0
2,27,20.0,-0.0
2,27,21.0,-0.0
2,27,22.0,-0.0
2,27,23.0,-0.0
2,28,0.0,-0.0
2,28,1.0,-0.0
2,28,2.0,-0.0
2,28,3.0,-0.0
2,28,4.0,-0.0
2,28,5.0,-0.0
2,28,6.0,-0.0
2,28,7.0,24.04
2,28,8.0,0.0
2,28,9.0,0.0
2,28,10.0,0.0
2,28,11.0,0.0
2,28,12.0,0.0
2,28,13.0,0.0
2,28,14.0,0.0
2,28,15.0,0.0
2,28,16.0,103.32
2,28,17.0,139.84
2,28,18.0,0.0
2,28,19.0,-0.0
2,28,20.0,-0.0
2,29,21.0,-0.0
2,29,22.0,-0.0
2,29,23.0,-0.0
3,1,0.0,-0.0
3,1,1.0,-0.0
3,1,2.0,-0.0
3,1,3.0,-0.0
3,1,4.0,-0.0
3,1,5.0,-0.0
3,1,6.0,-0.0
3,1,7.0,225.47
3,1,8.0,720.09
3,1,9.0,816.72
3,1,10.0,913.92
3,1,11.0,977.63
3,1,12.0,568.49
3,1,13.0,522.43
3,1,14.0,688.57
3,1,15.0,0.0
3,1,16.0,182.27
3,1,17.0,83.55
3,1,18.0,189.28
3,1,19.0,-0.0
3,1,20.0,-0.0
3,1,21.0,-0.0
3,1,22.0,-0.0
3,1,23.0,-0.0
3,2,0.0,-0.0
3,2,1.0,-0.0
3,2,2.0,-0.0
3,2,3.0,-0.0
3,2,4.0,-0.0
3,2,5.0,-0.0
3,2,6.0,-0.0
3,2,7.0,121.02
3,2,8.0,182.75
3,2,9.0,513.18
3,2,10.0,770.56
3,2,11.0,857.42
3,2,12.0,454.09
3,2,13.0,276.94
3,2,14.0,0.0
3,2,15.0,0.0
3,2,16.0,0.0
3,2,17.0,0.0
3,2,18.0,0.0
3,2,19.0,-0.0
3,2,20.0,-0.0
3,2,21.0,-0.0
3,2,22.0,-0.0
3,2,23.0,-0.0
3,3,0.0,-0.0
3,3,1.0,-0.0
3,3,2.0,-0.0
3,3,3.0,-0.0
3,3,4.0,-0.0
3,3,5.0,-0.0
3,3,6.0,-0.0
3,3,7.0,210.14
3,3,8.0,77.95
3,3,9.0,135.84
3,3,10.0,67.84
3,3,11.0,21.88
3,3,12.0,118.62
3,3,13.0,301.26
3,3,14.0,366.81
3,3,15.0,377.77
3,3,16.0,593.26
3,3,17.0,28.87
3,3,18.0,0.0
3,3,19.0,-0.0
3,3,20.0,-0.0
3,3,21.0,-0.0
3,3,22.0,-0.0
3,3,23.0,-0.0
3,4,0.0,-0.0
3,4,1.0,-0.0
3,4,2.0,-0.0
3,4,3.0,-0.0
3,4,4.0,-0.0
3,4,5.0,-0.0
3,4,6.0,-0.0
3,4,7.0,0.0
3,4,8.0,0.0
3,4,9.0,130.81
3,4,10.0,576.04
3,4,11.0,508.68
3,4,12.0,605.47
3,4,13.0,606.88
3,4,14.0,312.39
3,4,15.0,252.2
3,4,16.0,420.64
3,4,17.0,258.46
3,4,18.0,160.09
3,4,19.0,-0.0
3,4,20.0,-0.0
3,4,21.0,-0.0
3,4,22.0,-0.0
3,4,23.0,-0.0
3,5,0.0,-0.0
3,5,1.0,-0.0
3,5,2.0,-0.0
3,5,3.0,-0.0
3,5,4.0,-0.0
3,5,5.0,-0.0
3,5,6.0,-0.0
3,5,7.0,64.84
3,5,8.0,561.96
3,5,9.0,95.6
3,5,10.0,754.02
3,5,11.0,0.0
3,5,12.0,68.99
3,5,13.0,0.0
3,5,14.0,0.0
3,5,15.0,0.0
3,5,16.0,0.0
3,5,17.0,0.0
3,5,18.0,0.0
3,5,19.0,-0.0
3,5,20.0,-0.0
3,5,21.0,-0.0
3,5,22.0,-0.0
3,5,23.0,-0.0
3,6,0.0,-0.0
3,6,1.0,-0.0
3,6,2.0,-0.0
3,6,3.0,-0.0
3,6,4.0,-0.0
3,6,5.0,-0.0
3,6,6.0,-0.0
3,6,7.0,0.0
3,6,8.0,24.2
3,6,9.0,1.68
3,6,10.0,110.1
3,6,11.0,24.08
3,6,12.0,154.27
3,6,13.0,698.49
3,6,14.0,794.85
3,6,15.0,368.27
3,6,16.0,259.0
3,6,17.0,107.21
3,6,18.0,0.0
3,6,19.0,-0.0
3,6,20.0,-0.0
3,6,21.0,-0.0
3,6,22.0,-0.0
3,6,23.0,-0.0
3,7,0.0,-0.0
3,7,1.0,-0.0
3,7,2.0,-0.0
3,7,3.0,-0.0
3,7,4.0,-0.0
3,7,5.0,-0.0
3,7,6.0,-0.0
3,7,7.0,16.24
3,7,8.0,53.78
3,7,9.0,45.28
3,7,10.0,57.62
3,7,11.0,51.45
3,7,12.0,138.09
3,7,13.0,160.6
3,7,14.0,593.28
3,7,15.0,466.98
3,7,16.0,36.64
3,7,17.0,0.0
3,7,18.0,0.0
3,7,19.0,-0.0
3,7,20.0,-0.0
3,7,21.0,-0.0
3,7,22.0,-0.0
3,7,23.0,-0.0
3,8,0.0,-0.0
3,8,1.0,-0.0
3,8,2.0,-0.0
3,8,3.0,-0.0
3,8,4.0,-0.0
3,8,5.0,-0.0
3,8,6.0,-0.0
3,8,7.0,219.39
3,8,8.0,16.14
3,8,9.0,33.54
3,8,10.0,171.6
3,8,11.0,615.36
3,8,12.0,343.37
3,8,13.0,411.42
3,8,14.0,38.81
3,8,15.0,190.34
3,8,16.0,281.11
3,8,17.0,656.6
3,8,18.0,18.7
3,8,19.0,-0.0
3,8,20.0,-0.0
3,8,21.0,-0.0
3,8,22.0,-0.0
3,8,23.0,-0.0
3,9,0.0,-0.0
3,9,1.0,-0.0
3,9,2.0,-0.0
3,9,3.0,-0.0
3,9,4.0,-0.0
3,9,5.0,-0.0
3,9,6.0,-0.0
3,9,7.0,16.26
3,9,8.0,45.72
3,9,9.0,161.02
3,9,10.0,0.0
3,9,11.0,0.0
3,9,12.0,76.23
3,9,13.0,109.26
3,9,14.0,106.84
3,9,15.0,89.73
3,9,16.0,48.05
3,9,17.0,2.47
3,9,18.0,0.0
3,9,19.0,-0.0
3,9,20.0,-0.0
3,9,21.0,-0.0
3,9,22.0,-0.0
3,9,23.0,-0.0
3,10,0.0,-0.0
3,10,1.0,-0.0
3,10,2.0,-0.0
3,10,3.0,-0.0
3,10,4.0,-0.0
3,10,5.0,-0.0
3,10,6.0,-0.0
3,10,7.0,48.79
3,10,8.0,215.13
3,10,9.0,298.56
3,10,10.0,89.67
3,10,11.0,74.51
3,10,12.0,615.3
3,10,13.0,941.67
3,10,14.0,605.13
3,10,15.0,932.67
3,10,16.0,795.03
3,10,17.0,417.24
3,10,18.0,371.79
3,10,19.0,-0.0
3,10,20.0,-0.0
3,10,21.0,-0.0
3,10,22.0,-0.0
3,10,23.0,-0.0
3,11,0.0,-0.0
3,11,1.0,-0.0
3,11,2.0,-0.0
3,11,3.0,-0.0
3,11,4.0,-0.0
3,11,5.0,-0.0
3,11,6.0,-0.0
3,11,7.0,0.0
3,11,8.0,21.51
3,11,9.0,18.45
3,11,10.0,52.53
3,11,11.0,5.48
3,11,12.0,0.0
3,11,13.0,39.53
3,11,14.0,0.0
3,11,15.0,0.0
3,11,16.0,0.0
3,11,17.0,0.0
3,11,18.0,0.0
3,11,19.0,-0.0
3,11,20.0,-0.0
3,11,21.0,-0.0
3,11,22.0,-0.0
3,11,23.0,-0.0
3,12,0.0,-0.0
3,12,1.0,-0.0
3,12,2.0,-0.0
3,12,3.0,-0.0
3,12,4.0,-0.0
3,12,5.0,-0.0
3,12,6.0,-0.0
3,12,7.0,73.19
3,12,8.0,26.89
3,12,9.0,45.29
3,12,10.0,70.49
3,12,11.0,191.9
3,12,12.0,113.04
3,12,13.0,371.3
3,12,14.0,904.74
3,12,15.0,0.0
3,12,16.0,0.0
3,12,17.0,0.0
3,12,18.0,66.03
3,12,19.0,-0.0
3,12,20.0,-0.0
3,12,21.0,-0.0
3,12,22.0,-0.0
3,12,23.0,-0.0
3,13,0.0,-0.0
3,13,1.0,-0.0
3,13,2.0,-0.0
3,13,3.0,-0.0
3,13,4.0,-0.0
3,13,5.0,-0.0
3,13,6.0,-0.0
3,13,7.0,0.0
3,13,8.0,29.57
3,13,9.0,35.23
3,13,10.0,3.85
3,13,11.0,218.32
3,13,12.0,552.34
3,13,13.0,552.44
3,13,14.0,106.34
3,13,15.0,288.89
3,13,16.0,359.81
3,13,17.0,0.0
3,13,18.0,0.0
3,13,19.0,-0.0
3,13,20.0,-0.0
3,13,21.0,-0.0
3,13,22.0,-0.0
3,13,23.0,-0.0
3,14,0.0,-0.0
3,14,1.0,-0.0
3,14,2.0,-0.0
3,14,3.0,-0.0
3,14,4.0,-0.0
3,14,5.0,-0.0
3,14,6.0,-0.0
3,14,7.0,0.0
3,14,8.0,174.74
3,14,9.0,226.51
3,14,10.0,182.08
3,14,11.0,155.87
3,14,12.0,735.32
3,14,13.0,418.85
3,14,14.0,590.1
3,14,15.0,624.33
3,14,16.0,0.0
3,14,17.0,0.0
3,14,18.0,0.0
3,14,19.0,-0.0
3,14,20.0,-0.0
3,14,21.0,-0.0
3,14,22.0,-0.0
3,14,23.0,-0.0
3,15,0.0,-0.0
3,15,1.0,-0.0
3,15,2.0,-0.0
3,15,3.0,-0.0
3,15,4.0,-0.0
3,15,5.0,-0.0
3,15,6.0,-0.0
3,15,7.0,0.0
3,15,8.0,2.69
3,15,9.0,0.0
3,15,10.0,0.0
3,15,11.0,0.0
3,15,12.0,0.0
3,15,13.0,0.0
3,15,14.0,0.0
3,15,15.0,0.0
3,15,16.0,0.0
3,15,17.0,0.0
3,15,18.0,0.0
3,15,19.0,-0.0
3,15,20.0,-0.0
3,15,21.0,-0.0
3,15,22.0,-0.0
3,15,23.0,-0.0
3,16,0.0,-0.0
3,16,1.0,-0.0
3,16,2.0,-0.0
3,16,3.0,-0.0
3,16,4.0,-0.0
3,16,5.0,-0.0
3,16,6.0,-0.0
3,16,7.0,73.08
3,16,8.0,5.38
3,16,9.0,60.42
3,16,10.0,334.9
3,16,11.0,916.5
3,16,12.0,971.51
3,16,13.0,819.26
3,16,14.0,679.21
3,16,15.0,648.64
3,16,16.0,242.26
3,16,17.0,248.99
3,16,18.0,0.0
3,16,19.0,-0.0
3,16,20.0,-0.0
3,16,21.0,-0.0
3,16,22.0,-0.0
3,16,23.0,-0.0
3,17,0.0,-0.0
3,17,1.0,-0.0
3,17,2.0,-0.0
3,17,3.0,-0.0
3,17,4.0,-0.0
3,17,5.0,-0.0
3,17,6.0,-0.0
3,17,7.0,332.7
3,17,8.0,626.22
3,17,9.0,750.31
3,17,10.0,888.29
3,17,11.0,563.01
3,17,12.0,734.15
3,17,13.0,786.61
3,17,14.0,771.0
3,17,15.0,780.7
3,17,16.0,785.16
3,17,17.0,389.92
3,17,18.0,172.0
3,17,19.0,-0.0
3,17,20.0,-0.0
3,17,21.0,-0.0
3,17,22.0,-0.0
3,17,23.0,-0.0
3,18,0.0,-0.0
3,18,1.0,-0.0
3,18,2.0,-0.0
3,18,3.0,-0.0
3,18,4.0,-0.0
3,18,5.0,-0.0
3,18,6.0,-0.0
3,18,7.0,137.84
3,18,8.0,491.8
3,18,9.0,611.11
3,18,10.0,762.82
3,18,11.0,470.96
3,18,12.0,359.24
3,18,13.0,704.89
3,18,14.0,801.89
3,18,15.0,459.9
3,18,16.0,420.35
3,18,17.0,324.75
3,18,18.0,7.3
3,18,19.0,-0.0
3,18,20.0,-0.0
3,18,21.0,-0.0
3,18,22.0,-0.0
3,18,23.0,-0.0
3,19,0.0,-0.0
3,19,1.0,-0.0
3,19,2.0,-0.0
3,19,3.0,-0.0
3,19,4.0,-0.0
3,19,5.0,-0.0
3,19,6.0,-0.0
3,19,7.0,16.2
3,19,8.0,225.73
3,19,9.0,354.32
3,19,10.0,479.23
3,19,11.0,9.91
3,19,12.0,95.28
3,19,13.0,25.57
3,19,14.0,0.0
3,19,15.0,620.25
3,19,16.0,0.0
3,19,17.0,0.0
3,19,18.0,0.0
3,19,19.0,-0.0
3,19,20.0,-0.0
3,19,21.0,-0.0
3,19,22.0,-0.0
3,19,23.0,-0.0
3,20,0.0,-0.0
3,20,1.0,-0.0
3,20,2.0,-0.0
3,20,3.0,-0.0
3,20,4.0,-0.0
3,20,5.0,-0.0
3,20,6.0,-0.0
3,20,7.0,161.89
3,20,8.0,591.16
3,20,9.0,693.71
3,20,10.0,853.55
3,20,11.0,830.9
3,20,12.0,784.56
3,20,13.0,297.07
3,20,14.0,1032.13
3,20,15.0,823.58
3,20,16.0,611.11
3,20,17.0,257.82
3,20,18.0,0.0
3,20,19.0,-0.0
3,20,20.0,-0.0
3,20,21.0,-0.0
3,20,22.0,-0.0
3,20,23.0,-0.0
3,21,0.0,-0.0
3,21,1.0,-0.0
3,21,2.0,-0.0
3,21,3.0,-0.0
3,21,4.0,-0.0
3,21,5.0,-0.0
3,21,6.0,-0.0
3,21,7.0,0.0
3,21,8.0,0.0
3,21,9.0,586.38
3,21,10.0,775.56
3,21,11.0,895.54
3,21,12.0,597.54
3,21,13.0,622.71
3,21,14.0,369.64
3,21,15.0,170.27
3,21,16.0,0.0
3,21,17.0,0.0
3,21,18.0,0.0
3,21,19.0,-0.0
3,21,20.0,-0.0
3,21,21.0,-0.0
3,21,22.0,-0.0
3,21,23.0,-0.0
3,22,0.0,-0.0
3,22,1.0,-0.0
3,22,2.0,-0.0
3,22,3.0,-0.0
3,22,4.0,-0.0
3,22,5.0,-0.0
3,22,6.0,-0.0
3,22,7.0,0.0
3,22,8.0,37.62
3,22,9.0,95.8
3,22,10.0,378.35
3,22,11.0,251.67
3,22,12.0,863.42
3,22,13.0,896.94
3,22,14.0,701.07
3,22,15.0,605.88
3,22,16.0,706.18
3,22,17.0,106.61
3,22,18.0,0.0
3,22,19.0,-0.0
3,22,20.0,-0.0
3,22,21.0,-0.0
3,22,22.0,-0.0
3,22,23.0,-0.0
3,23,0.0,-0.0
3,23,1.0,-0.0
3,23,2.0,-0.0
3,23,3.0,-0.0
3,23,4.0,-0.0
3,23,5.0,-0.0
3,23,6.0,-0.0
3,23,7.0,0.0
3,23,8.0,24.18
3,23,9.0,0.0
3,23,10.0,0.0
3,23,11.0,468.44
3,23,12.0,982.8
3,23,13.0,1018.74
3,23,14.0,596.46
3,23,15.0,342.38
3,23,16.0,211.68
3,23,17.0,0.0
3,23,18.0,0.0
3,23,19.0,-0.0
3,23,20.0,-0.0
3,23,21.0,-0.0
3,23,22.0,-0.0
3,23,23.0,-0.0
3,24,0.0,-0.0
3,24,1.0,-0.0
3,24,2.0,-0.0
3,24,3.0,-0.0
3,24,4.0,-0.0
3,24,5.0,-0.0
3,24,6.0,-0.0
3,24,7.0,32.25
3,24,8.0,123.61
3,24,9.0,311.16
3,24,10.0,867.22
3,24,11.0,876.94
3,24,12.0,130.86
3,24,13.0,220.57
3,24,14.0,437.21
3,24,15.0,378.19
3,24,16.0,0.0
3,24,17.0,2.7
3,24,18.0,0.0
3,24,19.0,-0.0
3,24,20.0,-0.0
3,24,21.0,-0.0
3,24,22.0,-0.0
3,24,23.0,-0.0
3,25,0.0,-0.0
3,25,1.0,-0.0
3,25,2.0,-0.0
3,25,3.0,-0.0
3,25,4.0,-0.0
3,25,5.0,-0.0
3,25,6.0,-0.0
3,25,7.0,233.59
3,25,8.0,451.46
3,25,9.0,760.58
3,25,10.0,883.32
3,25,11.0,858.99
3,25,12.0,248.64
3,25,13.0,435.67
3,25,14.0,0.0
3,25,15.0,199.35
3,25,16.0,10.16
3,25,17.0,0.0
3,25,18.0,0.0
3,25,19.0,-0.0
3,25,20.0,-0.0
3,25,21.0,-0.0
3,25,22.0,-0.0
3,25,23.0,-0.0
3,26,0.0,-0.0
3,26,1.0,-0.0
3,26,2.0,-0.0
3,26,3.0,-0.0
3,26,4.0,-0.0
3,26,5.0,-0.0
3,26,6.0,-0.0
3,26,7.0,0.0
3,26,8.0,0.0
3,26,9.0,1.68
3,26,10.0,1.29
3,26,11.0,27.7
3,26,12.0,248.98
3,26,13.0,329.9
3,26,14.0,76.71
3,26,15.0,542.66
3,26,16.0,124.15
3,26,17.0,0.0
3,26,18.0,0.0
3,26,19.0,-0.0
3,26,20.0,-0.0
3,26,21.0,-0.0
3,26,22.0,-0.0
3,26,23.0,-0.0
3,27,0.0,-0.0
3,27,1.0,-0.0
3,27,2.0,-0.0
3,27,3.0,-0.0
3,27,4.0,-0.0
3,27,5.0,-0.0
3,27,6.0,-0.0
3,27,7.0,0.0
3,27,8.0,26.88
3,27,9.0,515.42
3,27,10.0,848.53
3,27,11.0,890.76
3,27,12.0,892.8
3,27,13.0,926.16
3,27,14.0,777.69
3,27,15.0,677.08
3,27,16.0,534.57
3,27,17.0,306.2
3,27,18.0,0.0
3,27,19.0,-0.0
3,27,20.0,-0.0
3,27,21.0,-0.0
3,27,22.0,-0.0
3,27,23.0,-0.0
3,28,0.0,-0.0
3,28,1.0,-0.0
3,28,2.0,-0.0
3,28,3.0,-0.0
3,28,4.0,-0.0
3,28,5.0,-0.0
3,28,6.0,-0.0
3,28,7.0,176.68
3,28,8.0,564.57
3,28,9.0,773.56
3,28,10.0,832.45
3,28,11.0,808.47
3,28,12.0,657.87
3,28,13.0,476.37
3,28,14.0,25.68
3,28,15.0,0.0
3,28,16.0,197.25
3,28,17.0,0.0
3,28,18.0,0.0
3,28,19.0,-0.0
3,28,20.0,-0.0
3,28,21.0,-0.0
3,28,22.0,-0.0
3,28,23.0,-0.0
3,29,0.0,-0.0
3,29,1.0,-0.0
3,29,2.0,-0.0
3,29,3.0,-0.0
3,29,4.0,-0.0
3,29,5.0,-0.0
3,29,6.0,-0.0
3,29,7.0,32.1
3,29,8.0,295.8
3,29,9.0,548.06
3,29,10.0,358.38
3,29,11.0,257.95
3,29,12.0,247.97
3,29,13.0,630.09
3,29,14.0,304.46
3,29,15.0,330.13
3,29,16.0,764.85
3,29,17.0,0.0
3,29,18.0,0.0
3,29,19.0,-0.0
3,29,20.0,-0.0
3,29,21.0,-0.0
3,29,22.0,-0.0
3,29,23.0,-0.0
3,30,0.0,-0.0
3,30,1.0,-0.0
3,30,2.0,-0.0
3,30,3.0,-0.0
3,30,4.0,-0.0
3,30,5.0,-0.0
3,30,6.0,-0.0
3,30,7.0,280.59
3,30,8.0,693.98
3,30,9.0,728.98
3,30,10.0,157.99
3,30,11.0,0.0
3,30,12.0,38.45
3,30,13.0,180.22
3,30,14.0,287.24
3,30,15.0,1.31
3,30,16.0,0.0
3,30,17.0,0.0
3,30,18.0,0.0
3,30,19.0,-0.0
3,30,20.0,-0.0
3,30,21.0,-0.0
3,30,22.0,-0.0
3,30,23.0,-0.0
3,31,0.0,-0.0
3,31,1.0,-0.0
3,31,2.0,-0.0
3,31,3.0,-0.0
3,31,4.0,-0.0
3,31,5.0,-0.0
3,31,6.0,-0.0
3,31,7.0,312.42
3,31,8.0,608.1
3,31,9.0,785.21
3,31,10.0,862.02
3,31,11.0,682.13
3,31,12.0,212.31
3,31,13.0,737.93
3,31,14.0,530.88
3,31,15.0,572.13
3,31,16.0,0.0
3,31,17.0,0.0
3,31,18.0,0.0
3,31,19.0,-0.0
3,31,20.0,-0.0
3,31,21.0,-0.0
3,31,22.0,-0.0
3,31,23.0,-0.0
4,1,0.0,-0.0
4,1,1.0,-0.0
4,1,2.0,-0.0
4,1,3.0,-0.0
4,1,4.0,-0.0
4,1,5.0,-0.0
4,1,6.0,-0.0
4,1,7.0,208.28
4,1,8.0,594.65
4,1,9.0,763.26
4,1,10.0,837.39
4,1,11.0,812.54
4,1,12.0,878.39
4,1,13.0,894.49
4,1,14.0,924.54
4,1,15.0,946.52
4,1,16.0,686.46
4,1,17.0,195.96
4,1,18.0,48.14
4,1,19.0,-0.0
4,1,20.0,-0.0
4,1,21.0,-0.0
4,1,22.0,-0.0
4,1,23.0,-0.0
4,2,0.0,-0.0
4,2,1.0,-0.0
4,2,2.0,-0.0
4,2,3.0,-0.0
4,2,4.0,-0.0
4,2,5.0,-0.0
4,2,6.0,-0.0
4,2,7.0,0.0
4,2,8.0,0.0
4,2,9.0,0.0
4,2,10.0,9.08
4,2,11.0,0.0
4,2,12.0,213.7
4,2,13.0,49.15
4,2,14.0,118.39
4,2,15.0,0.0
4,2,16.0,59.35
4,2,17.0,423.47
4,2,18.0,0.0
4,2,19.0,-0.0
4,2,20.0,-0.0
4,2,21.0,-0.0
4,2,22.0,-0.0
4,2,23.0,-0.0
4,3,0.0,-0.0
4,3,1.0,-0.0
4,3,2.0,-0.0
4,3,3.0,-0.0
4,3,4.0,-0.0
4,3,5.0,-0.0
4,3,6.0,-0.0
4,3,7.0,0.0
4,3,8.0,0.0
4,3,9.0,0.0
4,3,10.0,193.55
4,3,11.0,73.76
4,3,12.0,1.04
4,3,13.0,0.0
4,3,14.0,6.78
4,3,15.0,0.0
4,3,16.0,0.0
4,3,17.0,95.14
4,3,18.0,283.56
4,3,19.0,-0.0
4,3,20.0,-0.0
4,3,21.0,-0.0
4,3,22.0,-0.0
4,3,23.0,-0.0
4,4,0.0,-0.0
4,4,1.0,-0.0
4,4,2.0,-0.0
4,4,3.0,-0.0
4,4,4.0,-0.0
4,4,5.0,-0.0
4,4,6.0,-0.0
4,4,7.0,39.98
4,4,8.0,72.75
4,4,9.0,231.9
4,4,10.0,521.49
4,4,11.0,250.69
4,4,12.0,199.77
4,4,13.0,740.33
4,4,14.0,0.0
4,4,15.0,1.33
4,4,16.0,24.66
4,4,17.0,58.1
4,4,18.0,0.0
4,4,19.0,-0.0
4,4,20.0,-0.0
4,4,21.0,-0.0
4,4,22.0,-0.0
4,4,23.0,-0.0
4,5,0.0,-0.0
4,5,1.0,-0.0
4,5,2.0,-0.0
4,5,3.0,-0.0
4,5,4.0,-0.0
4,5,5.0,-0.0
4,5,6.0,-0.0
4,5,7.0,0.0
4,5,8.0,102.44
4,5,9.0,3.39
4,5,10.0,20.83
4,5,11.0,177.08
4,5,12.0,278.7
4,5,13.0,233.62
4,5,14.0,29.54
4,5,15.0,29.38
4,5,16.0,51.32
4,5,17.0,0.0
4,5,18.0,0.0
4,5,19.0,-0.0
4,5,20.0,-0.0
4,5,21.0,-0.0
4,5,22.0,-0.0
4,5,23.0,-0.0
4,6,0.0,-0.0
4,6,1.0,-0.0
4,6,2.0,-0.0
4,6,3.0,-0.0
4,6,4.0,-0.0
4,6,5.0,-0.0
4,6,6.0,-0.0
4,6,7.0,7.99
4,6,8.0,0.0
4,6,9.0,250.99
4,6,10.0,290.7
4,6,11.0,367.03
4,6,12.0,556.3
4,6,13.0,22.15
4,6,14.0,127.59
4,6,15.0,203.69
4,6,16.0,0.0
4,6,17.0,0.0
4,6,18.0,0.0
4,6,19.0,-0.0
4,6,20.0,-0.0
4,6,21.0,-0.0
4,6,22.0,-0.0
4,6,23.0,-0.0
4,7,0.0,-0.0
4,7,1.0,-0.0
4,7,2.0,-0.0
4,7,3.0,-0.0
4,7,4.0,-0.0
4,7,5.0,-0.0
4,7,6.0,-0.0
4,7,7.0,167.76
4,7,8.0,601.98
4,7,9.0,774.11
4,7,10.0,717.9
4,7,11.0,414.81
4,7,12.0,402.74
4,7,13.0,102.52
4,7,14.0,319.83
4,7,15.0,808.11
4,7,16.0,48.23
4,7,17.0,0.0
4,7,18.0,0.0
4,7,19.0,-0.0
4,7,20.0,-0.0
4,7,21.0,-0.0
4,7,22.0,-0.0
4,7,23.0,-0.0
4,8,0.0,-0.0
4,8,1.0,-0.0
4,8,2.0,-0.0
4,8,3.0,-0.0
4,8,4.0,-0.0
4,8,5.0,-0.0
4,8,6.0,-0.0
4,8,7.0,167.76
4,8,8.0,578.12
4,8,9.0,730.76
4,8,10.0,879.61
4,8,11.0,937.89
4,8,12.0,992.41
4,8,13.0,903.53
4,8,14.0,865.86
4,8,15.0,963.34
4,8,16.0,728.6
4,8,17.0,551.18
4,8,18.0,197.23
4,8,19.0,-0.0
4,8,20.0,-0.0
4,8,21.0,-0.0
4,8,22.0,-0.0
4,8,23.0,-0.0
4,9,0.0,-0.0
4,9,1.0,-0.0
4,9,2.0,-0.0
4,9,3.0,-0.0
4,9,4.0,-0.0
4,9,5.0,-0.0
4,9,6.0,-0.0
4,9,7.0,207.72
4,9,8.0,659.72
4,9,9.0,251.8
4,9,10.0,862.49
4,9,11.0,869.49
4,9,12.0,694.53
4,9,13.0,553.11
4,9,14.0,651.17
4,9,15.0,0.0
4,9,16.0,569.76
4,9,17.0,60.38
4,9,18.0,107.47
4,9,19.0,-0.0
4,9,20.0,-0.0
4,9,21.0,-0.0
4,9,22.0,-0.0
4,9,23.0,-0.0
4,10,0.0,-0.0
4,10,1.0,-0.0
4,10,2.0,-0.0
4,10,3.0,-0.0
4,10,4.0,-0.0
4,10,5.0,-0.0
4,10,6.0,-0.0
4,10,7.0,191.79
4,10,8.0,649.5
4,10,9.0,815.92
4,10,10.0,861.1
4,10,11.0,953.4
4,10,12.0,836.54
4,10,13.0,734.2
4,10,14.0,754.31
4,10,15.0,758.08
4,10,16.0,697.46
4,10,17.0,508.1
4,10,18.0,36.89
4,10,19.0,-0.0
4,10,20.0,-0.0
4,10,21.0,-0.0
4,10,22.0,-0.0
4,10,23.0,-0.0
4,11,0.0,-0.0
4,11,1.0,-0.0
4,11,2.0,-0.0
4,11,3.0,-0.0
4,11,4.0,-0.0
4,11,5.0,-0.0
4,11,6.0,-0.0
4,11,7.0,87.94
4,11,8.0,162.54
4,11,9.0,757.24
4,11,10.0,767.86
4,11,11.0,65.63
4,11,12.0,3.18
4,11,13.0,268.77
4,11,14.0,549.7
4,11,15.0,182.68
4,11,16.0,342.19
4,11,17.0,0.0
4,11,18.0,0.0
4,11,19.0,-0.0
4,11,20.0,-0.0
4,11,21.0,-0.0
4,11,22.0,-0.0
4,11,23.0,-0.0
4,12,0.0,-0.0
4,12,1.0,-0.0
4,12,2.0,-0.0
4,12,3.0,-0.0
4,12,4.0,-0.0
4,12,5.0,-0.0
4,12,6.0,-0.0
4,12,7.0,367.97
4,12,8.0,341.69
4,12,9.0,309.1
4,12,10.0,516.62
4,12,11.0,383.13
4,12,12.0,253.77
4,12,13.0,284.37
4,12,14.0,55.59
4,12,15.0,154.59
4,12,16.0,0.0
4,12,17.0,0.0
4,12,18.0,0.0
4,12,19.0,-0.0
4,12,20.0,-0.0
4,12,21.0,-0.0
4,12,22.0,-0.0
4,12,23.0,-0.0
4,13,0.0,-0.0
4,13,1.0,-0.0
4,13,2.0,-0.0
4,13,3.0,-0.0
4,13,4.0,-0.0
4,13,5.0,-0.0
4,13,6.0,-0.0
4,13,7.0,136.09
4,13,8.0,469.69
4,13,9.0,740.45
4,13,10.0,687.28
4,13,11.0,801.7
4,13,12.0,588.38
4,13,13.0,503.65
4,13,14.0,514.48
4,13,15.0,333.62
4,13,16.0,382.21
4,13,17.0,3.11
4,13,18.0,0.0
4,13,19.0,-0.0
4,13,20.0,-0.0
4,13,21.0,-0.0
4,13,22.0,-0.0
4,13,23.0,-0.0
4,14,0.0,-0.0
4,14,1.0,-0.0
4,14,2.0,-0.0
4,14,3.0,-0.0
4,14,4.0,-0.0
4,14,5.0,-0.0
4,14,6.0,-0.0
4,14,7.0,24.04
4,14,8.0,0.0
4,14,9.0,491.48
4,14,10.0,43.52
4,14,11.0,127.41
4,14,12.0,268.68
4,14,13.0,417.85
4,14,14.0,253.9
4,14,15.0,93.69
4,14,16.0,0.0
4,14,17.0,0.0
4,14,18.0,0.0
4,14,19.0,-0.0
4,14,20.0,-0.0
4,14,21.0,-0.0
4,14,22.0,-0.0
4,14,23.0,-0.0
4,15,0.0,-0.0
4,15,1.0,-0.0
4,15,2.0,-0.0
4,15,3.0,-0.0
4,15,4.0,-0.0
4,15,5.0,-0.0
4,15,6.0,-0.0
4,15,7.0,88.24
4,15,8.0,0.0
4,15,9.0,3.43
4,15,10.0,328.91
4,15,11.0,186.92
4,15,12.0,573.76
4,15,13.0,912.04
4,15,14.0,582.85
4,15,15.0,811.63
4,15,16.0,111.31
4,15,17.0,0.0
4,15,18.0,0.0
4,15,19.0,-0.0
4,15,20.0,-0.0
4,15,21.0,-0.0
4,15,22.0,-0.0
4,15,23.0,-0.0
4,16,0.0,-0.0
4,16,1.0,-0.0
4,16,2.0,-0.0
4,16,3.0,-0.0
4,16,4.0,-0.0
4,16,5.0,-0.0
4,16,6.0,-0.0
4,16,7.0,257.05
4,16,8.0,496.07
4,16,9.0,669.88
4,16,10.0,632.48
4,16,11.0,799.34
4,16,12.0,745.24
4,16,13.0,458.76
4,16,14.0,856.3
4,16,15.0,109.62
4,16,16.0,173.35
4,16,17.0,0.0
4,16,18.0,0.0
4,16,19.0,-0.0
4,16,20.0,-0.0
4,16,21.0,-0.0
4,16,22.0,-0.0
4,16,23.0,-0.0
4,17,0.0,-0.0
4,17,1.0,-0.0
4,17,2.0,-0.0
4,17,3.0,-0.0
4,17,4.0,-0.0
4,17,5.0,-0.0
4,17,6.0,-0.0
4,17,7.0,48.27
4,17,8.0,199.27
4,17,9.0,270.1
4,17,10.0,481.16
4,17,11.0,292.9
4,17,12.0,196.37
4,17,13.0,202.36
4,17,14.0,298.4
4,17,15.0,0.0
4,17,16.0,0.0
4,17,17.0,0.0
4,17,18.0,0.0
4,17,19.0,-0.0
4,17,20.0,-0.0
4,17,21.0,-0.0
4,17,22.0,-0.0
4,17,23.0,-0.0
4,18,0.0,-0.0
4,18,1.0,-0.0
4,18,2.0,-0.0
4,18,3.0,-0.0
4,18,4.0,-0.0
4,18,5.0,-0.0
4,18,6.0,-0.0
4,18,7.0,96.71
4,18,8.0,475.71
4,18,9.0,708.24
4,18,10.0,807.35
4,18,11.0,860.95
4,18,12.0,813.04
4,18,13.0,594.49
4,18,14.0,487.8
4,18,15.0,633.07
4,18,16.0,0.0
4,18,17.0,0.0
4,18,18.0,0.0
4,18,19.0,-0.0
4,18,20.0,-0.0
4,18,21.0,-0.0
4,18,22.0,-0.0
4,18,23.0,-0.0
4,19,0.0,-0.0
4,19,1.0,-0.0
4,19,2.0,-0.0
4,19,3.0,-0.0
4,19,4.0,-0.0
4,19,5.0,-0.0
4,19,6.0,-0.0
4,19,7.0,88.83
4,19,8.0,84.89
4,19,9.0,457.43
4,19,10.0,868.71
4,19,11.0,909.77
4,19,12.0,909.7
4,19,13.0,874.4
4,19,14.0,868.55
4,19,15.0,5.61
4,19,16.0,0.0
4,19,17.0,0.0
4,19,18.0,0.0
4,19,19.0,-0.0
4,19,20.0,-0.0
4,19,21.0,-0.0
4,19,22.0,-0.0
4,19,23.0,-0.0
4,20,0.0,-0.0
4,20,1.0,-0.0
4,20,2.0,-0.0
4,20,3.0,-0.0
4,20,4.0,-0.0
4,20,5.0,-0.0
4,20,6.0,-0.0
4,20,7.0,153.76
4,20,8.0,181.05
4,20,9.0,487.64
4,20,10.0,546.46
4,20,11.0,765.45
4,20,12.0,671.93
4,20,13.0,385.98
4,20,14.0,413.63
4,20,15.0,132.3
4,20,16.0,575.56
4,20,17.0,197.27
4,20,18.0,0.0
4,20,19.0,-0.0
4,20,20.0,-0.0
4,20,21.0,-0.0
4,20,22.0,-0.0
4,20,23.0,-0.0
4,21,0.0,-0.0
4,21,1.0,-0.0
4,21,2.0,-0.0
4,21,3.0,-0.0
4,21,4.0,-0.0
4,21,5.0,-0.0
4,21,6.0,-0.0
4,21,7.0,0.0
4,21,8.0,0.0
4,21,9.0,57.17
4,21,10.0,138.88
4,21,11.0,28.84
4,21,12.0,66.05
4,21,13.0,137.73
4,21,14.0,10.7
4,21,15.0,0.0
4,21,16.0,0.0
4,21,17.0,0.0
4,21,18.0,0.0
4,21,19.0,-0.0
4,21,20.0,-0.0
4,21,21.0,-0.0
4,21,22.0,-0.0
4,21,23.0,-0.0
4,22,0.0,-0.0
4,22,1.0,-0.0
4,22,2.0,-0.0
4,22,3.0,-0.0
4,22,4.0,-0.0
4,22,5.0,-0.0
4,22,6.0,-0.0
4,22,7.0,0.0
4,22,8.0,137.67
4,22,9.0,27.77
4,22,10.0,93.66
4,22,11.0,268.16
4,22,12.0,808.5
4,22,13.0,838.38
4,22,14.0,553.17
4,22,15.0,816.48
4,22,16.0,550.28
4,22,17.0,524.04
4,22,18.0,0.0
4,22,19.0,-0.0
4,22,20.0,-0.0
4,22,21.0,-0.0
4,22,22.0,-0.0
4,22,23.0,-0.0
4,23,0.0,-0.0
4,23,1.0,-0.0
4,23,2.0,-0.0
4,23,3.0,-0.0
4,23,4.0,-0.0
4,23,5.0,-0.0
4,23,6.0,-0.0
4,23,7.0,16.31
4,23,8.0,601.46
4,23,9.0,789.51
4,23,10.0,691.81
4,23,11.0,0.0
4,23,12.0,0.0
4,23,13.0,3.3
4,23,14.0,32.28
4,23,15.0,83.93
4,23,16.0,0.0
4,23,17.0,0.0
4,23,18.0,0.0
4,23,19.0,-0.0
4,23,20.0,-0.0
4,23,21.0,-0.0
4,23,22.0,-0.0
4,23,23.0,-0.0
4,24,0.0,-0.0
4,24,1.0,-0.0
4,24,2.0,-0.0
4,24,3.0,-0.0
4,24,4.0,-0.0
4,24,5.0,-0.0
4,24,6.0,-0.0
4,24,7.0,98.19
4,24,8.0,276.47
4,24,9.0,703.96
4,24,10.0,847.73
4,24,11.0,904.31
4,24,12.0,938.75
4,24,13.0,836.11
4,24,14.0,877.82
4,24,15.0,696.62
4,24,16.0,634.69
4,24,17.0,447.16
4,24,18.0,0.0
4,24,19.0,-0.0
4,24,20.0,-0.0
4,24,21.0,-0.0
4,24,22.0,-0.0
4,24,23.0,-0.0
4,25,0.0,-0.0
4,25,1.0,-0.0
4,25,2.0,-0.0
4,25,3.0,-0.0
4,25,4.0,-0.0
4,25,5.0,-0.0
4,25,6.0,-0.0
4,25,7.0,295.55
4,25,8.0,47.1
4,25,9.0,0.0
4,25,10.0,0.0
4,25,11.0,44.21
4,25,12.0,520.21
4,25,13.0,373.3
4,25,14.0,241.75
4,25,15.0,63.03
4,25,16.0,25.27
4,25,17.0,0.0
4,25,18.0,0.0
4,25,19.0,-0.0
4,25,20.0,-0.0
4,25,21.0,-0.0
4,25,22.0,-0.0
4,25,23.0,-0.0
4,26,0.0,-0.0
4,26,1.0,-0.0
4,26,2.0,-0.0
4,26,3.0,-0.0
4,26,4.0,-0.0
4,26,5.0,-0.0
4,26,6.0,-0.0
4,26,7.0,49.44
4,26,8.0,161.07
4,26,9.0,582.66
4,26,10.0,487.04
4,26,11.0,357.96
4,26,12.0,412.99
4,26,13.0,564.73
4,26,14.0,550.06
4,26,15.0,103.5
4,26,16.0,314.37
4,26,17.0,0.0
4,26,18.0,0.0
4,26,19.0,-0.0
4,26,20.0,-0.0
4,26,21.0,-0.0
4,26,22.0,-0.0
4,26,23.0,-0.0
4,27,0.0,-0.0
4,27,1.0,-0.0
4,27,2.0,-0.0
4,27,3.0,-0.0
4,27,4.0,-0.0
4,27,5.0,-0.0
4,27,6.0,-0.0
4,27,7.0,140.61
4,27,8.0,186.5
4,27,9.0,361.22
4,27,10.0,206.86
4,27,11.0,531.71
4,27,12.0,757.68
4,27,13.0,169.86
4,27,14.0,88.32
4,27,15.0,0.0
4,27,16.0,0.0
4,27,17.0,384.22
4,27,18.0,44.05
4,27,19.0,-0.0
4,27,20.0,-0.0
4,27,21.0,-0.0
4,27,22.0,-0.0
4,27,23.0,-0.0
4,28,0.0,-0.0
4,28,1.0,-0.0
4,28,2.0,-0.0
4,28,3.0,-0.0
4,28,4.0,-0.0
4,28,5.0,-0.0
4,28,6.0,-0.0
4,28,7.0,149.49
4,28,8.0,633.41
4,28,9.0,797.85
4,28,10.0,842.81
4,28,11.0,850.33
4,28,12.0,506.33
4,28,13.0,193.68
4,28,14.0,1.21
4,28,15.0,550.01
4,28,16.0,827.37
4,28,17.0,634.41
4,28,18.0,45.78
4,28,19.0,-0.0
4,28,20.0,-0.0
4,28,21.0,-0.0
4,28,22.0,-0.0
4,28,23.0,-0.0
4,29,0.0,-0.0
4,29,1.0,-0.0
4,29,2.0,-0.0
4,29,3.0,-0.0
4,29,4.0,-0.0
4,29,5.0,-0.0
4,29,6.0,-0.0
4,29,7.0,0.0
4,29,8.0,0.0
4,29,9.0,3.52
4,29,10.0,332.72
4,29,11.0,639.79
4,29,12.0,495.41
4,29,13.0,233.24
4,29,14.0,558.54
4,29,15.0,733.43
4,29,16.0,627.19
4,29,17.0,101.79
4,29,18.0,0.0
4,29,19.0,-0.0
4,29,20.0,-0.0
4,29,21.0,-0.0
4,29,22.0,-0.0
4,29,23.0,-0.0
4,30,0.0,-0.0
4,30,1.0,-0.0
4,30,2.0,-0.0
4,30,3.0,-0.0
4,30,4.0,-0.0
4,30,5.0,-0.0
4,30,6.0,-0.0
4,30,7.0,301.66
4,30,8.0,25.24
4,30,9.0,0.0
4,30,10.0,764.93
4,30,11.0,897.77
4,30,12.0,965.57
4,30,13.0,609.8
4,30,14.0,695.62
4,30,15.0,731.52
4,30,16.0,508.67
4,30,17.0,49.47
4,30,18.0,0.0
4,30,19.0,-0.0
4,30,20.0,-0.0
4,30,21.0,-0.0
4,30,22.0,-0.0
4,30,23.0,-0.0
5,1,0.0,-0.0
5,1,1.0,-0.0
5,1,2.0,-0.0
5,1,3.0,-0.0
5,1,4.0,-0.0
5,1,5.0,-0.0
5,1,6.0,-0.0
5,1,7.0,92.62
5,1,8.0,669.31
5,1,9.0,791.0
5,1,10.0,862.18
5,1,11.0,834.99
5,1,12.0,461.23
5,1,13.0,597.92
5,1,14.0,594.81
5,1,15.0,938.65
5,1,16.0,812.12
5,1,17.0,266.79
5,1,18.0,0.0
5,1,19.0,-0.0
5,1,20.0,-0.0
5,1,21.0,-0.0
5,1,22.0,-0.0
5,1,23.0,-0.0
5,2,0.0,-0.0
5,2,1.0,-0.0
5,2,2.0,-0.0
5,2,3.0,-0.0
5,2,4.0,-0.0
5,2,5.0,-0.0
5,2,6.0,-0.0
5,2,7.0,270.83
5,2,8.0,651.43
5,2,9.0,796.45
5,2,10.0,865.54
5,2,11.0,920.87
5,2,12.0,885.79
5,2,13.0,833.41
5,2,14.0,714.33
5,2,15.0,702.64
5,2,16.0,506.93
5,2,17.0,340.14
5,2,18.0,0.0
5,2,19.0,-0.0
5,2,20.0,-0.0
5,2,21.0,-0.0
5,2,22.0,-0.0
5,2,23.0,-0.0
5,3,0.0,-0.0
5,3,1.0,-0.0
5,3,2.0,-0.0
5,3,3.0,-0.0
5,3,4.0,-0.0
5,3,5.0,-0.0
5,3,6.0,-0.0
5,3,7.0,144.66
5,3,8.0,384.62
5,3,9.0,352.08
5,3,10.0,313.86
5,3,11.0,612.59
5,3,12.0,525.86
5,3,13.0,571.7
5,3,14.0,510.8
5,3,15.0,0.0
5,3,16.0,0.0
5,3,17.0,0.0
5,3,18.0,0.0
5,3,19.0,-0.0
5,3,20.0,-0.0
5,3,21.0,-0.0
5,3,22.0,-0.0
5,3,23.0,-0.0
5,4,0.0,-0.0
5,4,1.0,-0.0
5,4,2.0,-0.0
5,4,3.0,-0.0
5,4,4.0,-0.0
5,4,5.0,-0.0
5,4,6.0,-0.0
5,4,7.0,385.08
5,4,8.0,694.92
5,4,9.0,529.44
5,4,10.0,814.67
5,4,11.0,706.67
5,4,12.0,81.53
5,4,13.0,217.06
5,4,14.0,75.29
5,4,15.0,597.94
5,4,16.0,26.26
5,4,17.0,406.1
5,4,18.0,0.0
5,4,19.0,-0.0
5,4,20.0,-0.0
5,4,21.0,-0.0
5,4,22.0,-0.0
5,4,23.0,-0.0
5,5,0.0,-0.0
5,5,1.0,-0.0
5,5,2.0,-0.0
5,5,3.0,-0.0
5,5,4.0,-0.0
5,5,5.0,-0.0
5,5,6.0,-0.0
5,5,7.0,352.94
5,5,8.0,375.54
5,5,9.0,754.17
5,5,10.0,868.94
5,5,11.0,923.83
5,5,12.0,508.26
5,5,13.0,495.29
5,5,14.0,429.49
5,5,15.0,742.01
5,5,16.0,584.04
5,5,17.0,324.67
5,5,18.0,0.0
5,5,19.0,-0.0
5,5,20.0,-0.0
5,5,21.0,-0.0
5,5,22.0,-0.0
5,5,23.0,-0.0
5,6,0.0,-0.0
5,6,1.0,-0.0
5,6,2.0,-0.0
5,6,3.0,-0.0
5,6,4.0,-0.0
5,6,5.0,-0.0
5,6,6.0,-0.0
5,6,7.0,0.0
5,6,8.0,610.71
5,6,9.0,802.69
5,6,10.0,873.79
5,6,11.0,910.51
5,6,12.0,825.96
5,6,13.0,643.13
5,6,14.0,933.32
5,6,15.0,557.13
5,6,16.0,612.76
5,6,17.0,561.46
5,6,18.0,0.0
5,6,19.0,-0.0
5,6,20.0,-0.0
5,6,21.0,-0.0
5,6,22.0,-0.0
5,6,23.0,-0.0
5,7,0.0,-0.0
5,7,1.0,-0.0
5,7,2.0,-0.0
5,7,3.0,-0.0
5,7,4.0,-0.0
5,7,5.0,-0.0
5,7,6.0,-0.0
5,7,7.0,392.29
5,7,8.0,20.04
5,7,9.0,459.88
5,7,10.0,708.48
5,7,11.0,889.95
5,7,12.0,905.58
5,7,13.0,1036.61
5,7,14.0,353.44
5,7,15.0,816.65
5,7,16.0,498.59
5,7,17.0,468.74
5,7,18.0,0.0
5,7,19.0,-0.0
5,7,20.0,-0.0
5,7,21.0,-0.0
5,7,22.0,-0.0
5,7,23.0,-0.0
5,8,0.0,-0.0
5,8,1.0,-0.0
5,8,2.0,-0.0
5,8,3.0,-0.0
5,8,4.0,-0.0
5,8,5.0,-0.0
5,8,6.0,-0.0
5,8,7.0,272.06
5,8,8.0,626.12
5,8,9.0,774.5
5,8,10.0,841.99
5,8,11.0,877.68
5,8,12.0,910.01
5,8,13.0,752.56
5,8,14.0,900.93
5,8,15.0,805.65
5,8,16.0,656.31
5,8,17.0,85.37
5,8,18.0,0.0
5,8,19.0,-0.0
5,8,20.0,-0.0
5,8,21.0,-0.0
5,8,22.0,-0.0
5,8,23.0,-0.0
5,9,0.0,-0.0
5,9,1.0,-0.0
5,9,2.0,-0.0
5,9,3.0,-0.0
5,9,4.0,-0.0
5,9,5.0,-0.0
5,9,6.0,-0.0
5,9,7.0,291.64
5,9,8.0,674.3
5,9,9.0,805.47
5,9,10.0,891.34
5,9,11.0,929.06
5,9,12.0,892.98
5,9,13.0,941.03
5,9,14.0,803.22
5,9,15.0,617.64
5,9,16.0,636.02
5,9,17.0,541.11
5,9,18.0,0.0
5,9,19.0,-0.0
5,9,20.0,-0.0
5,9,21.0,-0.0
5,9,22.0,-0.0
5,9,23.0,-0.0
5,10,0.0,-0.0
5,10,1.0,-0.0
5,10,2.0,-0.0
5,10,3.0,-0.0
5,10,4.0,-0.0
5,10,5.0,-0.0
5,10,6.0,-0.0
5,10,7.0,284.86
5,10,8.0,367.21
5,10,9.0,785.92
5,10,10.0,807.12
5,10,11.0,698.75
5,10,12.0,906.44
5,10,13.0,972.03
5,10,14.0,327.39
5,10,15.0,75.17
5,10,16.0,307.77
5,10,17.0,337.63
5,10,18.0,0.0
5,10,19.0,-0.0
5,10,20.0,-0.0
5,10,21.0,-0.0
5,10,22.0,-0.0
5,10,23.0,-0.0
5,11,0.0,-0.0
5,11,1.0,-0.0
5,11,2.0,-0.0
5,11,3.0,-0.0
5,11,4.0,-0.0
5,11,5.0,-0.0
5,11,6.0,-0.0
5,11,7.0,17.94
5,11,8.0,118.96
5,11,9.0,5.45
5,11,10.0,121.58
5,11,11.0,623.13
5,11,12.0,397.51
5,11,13.0,322.11
5,11,14.0,404.95
5,11,15.0,34.68
5,11,16.0,665.3
5,11,17.0,49.02
5,11,18.0,0.0
5,11,19.0,-0.0
5,11,20.0,-0.0
5,11,21.0,-0.0
5,11,22.0,-0.0
5,11,23.0,-0.0
5,12,0.0,-0.0
5,12,1.0,-0.0
5,12,2.0,-0.0
5,12,3.0,-0.0
5,12,4.0,-0.0
5,12,5.0,-0.0
5,12,6.0,-0.0
5,12,7.0,0.0
5,12,8.0,0.0
5,12,9.0,0.0
5,12,10.0,4.2
5,12,11.0,157.36
5,12,12.0,763.87
5,12,13.0,1021.69
5,12,14.0,994.74
5,12,15.0,940.41
5,12,16.0,729.88
5,12,17.0,515.29
5,12,18.0,0.0
5,12,19.0,-0.0
5,12,20.0,-0.0
5,12,21.0,-0.0
5,12,22.0,-0.0
5,12,23.0,-0.0
5,13,0.0,-0.0
5,13,1.0,-0.0
5,13,2.0,-0.0
5,13,3.0,-0.0
5,13,4.0,-0.0
5,13,5.0,-0.0
5,13,6.0,-0.0
5,13,7.0,18.22
5,13,8.0,20.45
5,13,9.0,5.48
5,13,10.0,0.0
5,13,11.0,0.0
5,13,12.0,91.28
5,13,13.0,334.05
5,13,14.0,308.39
5,13,15.0,604.89
5,13,16.0,237.82
5,13,17.0,373.06
5,13,18.0,0.0
5,13,19.0,-0.0
5,13,20.0,-0.0
5,13,21.0,-0.0
5,13,22.0,-0.0
5,13,23.0,-0.0
5,14,0.0,-0.0
5,14,1.0,-0.0
5,14,2.0,-0.0
5,14,3.0,-0.0
5,14,4.0,-0.0
5,14,5.0,-0.0
5,14,6.0,-0.0
5,14,7.0,36.75
5,14,8.0,0.0
5,14,9.0,31.13
5,14,10.0,59.13
5,14,11.0,237.16
5,14,12.0,769.71
5,14,13.0,979.0
5,14,14.0,581.53
5,14,15.0,560.88
5,14,16.0,508.5
5,14,17.0,520.05
5,14,18.0,0.0
5,14,19.0,-0.0
5,14,20.0,-0.0
5,14,21.0,-0.0
5,14,22.0,-0.0
5,14,23.0,-0.0
5,15,0.0,-0.0
5,15,1.0,-0.0
5,15,2.0,-0.0
5,15,3.0,-0.0
5,15,4.0,-0.0
5,15,5.0,-0.0
5,15,6.0,-0.0
5,15,7.0,101.93
5,15,8.0,282.57
5,15,9.0,0.0
5,15,10.0,7.06
5,15,11.0,7.31
5,15,12.0,10.32
5,15,13.0,37.16
5,15,14.0,435.6
5,15,15.0,283.45
5,15,16.0,0.0
5,15,17.0,72.97
5,15,18.0,0.0
5,15,19.0,-0.0
5,15,20.0,-0.0
5,15,21.0,-0.0
5,15,22.0,-0.0
5,15,23.0,-0.0
5,16,0.0,-0.0
5,16,1.0,-0.0
5,16,2.0,-0.0
5,16,3.0,-0.0
5,16,4.0,-0.0
5,16,5.0,-0.0
5,16,6.0,-0.0
5,16,7.0,37.39
5,16,8.0,0.0
5,16,9.0,95.76
5,16,10.0,206.59
5,16,11.0,651.29
5,16,12.0,550.33
5,16,13.0,713.45
5,16,14.0,66.19
5,16,15.0,42.78
5,16,16.0,0.0
5,16,17.0,15.42
5,16,18.0,0.0
5,16,19.0,-0.0
5,16,20.0,-0.0
5,16,21.0,-0.0
5,16,22.0,-0.0
5,16,23.0,-0.0
5,17,0.0,-0.0
5,17,1.0,-0.0
5,17,2.0,-0.0
5,17,3.0,-0.0
5,17,4.0,-0.0
5,17,5.0,-0.0
5,17,6.0,-0.0
5,17,7.0,0.0
5,17,8.0,492.29
5,17,9.0,651.9
5,17,10.0,846.84
5,17,11.0,869.58
5,17,12.0,819.86
5,17,13.0,754.69
5,17,14.0,645.56
5,17,15.0,189.89
5,17,16.0,470.7
5,17,17.0,487.76
5,17,18.0,0.0
5,17,19.0,-0.0
5,17,20.0,-0.0
5,17,21.0,-0.0
5,17,22.0,-0.0
5,17,23.0,-0.0
5,18,0.0,-0.0
5,18,1.0,-0.0
5,18,2.0,-0.0
5,18,3.0,-0.0
5,18,4.0,-0.0
5,18,5.0,-0.0
5,18,6.0,-0.0
5,18,7.0,209.48
5,18,8.0,631.12
5,18,9.0,807.49
5,18,10.0,866.01
5,18,11.0,888.76
5,18,12.0,837.82
5,18,13.0,883.76
5,18,14.0,736.49
5,18,15.0,624.74
5,18,16.0,234.92
5,18,17.0,0.0
5,18,18.0,0.0
5,18,19.0,-0.0
5,18,20.0,-0.0
5,18,21.0,-0.0
5,18,22.0,-0.0
5,18,23.0,-0.0
5,19,0.0,-0.0
5,19,1.0,-0.0
5,19,2.0,-0.0
5,19,3.0,-0.0
5,19,4.0,-0.0
5,19,5.0,-0.0
5,19,6.0,-0.0
5,19,7.0,269.17
5,19,8.0,582.76
5,19,9.0,679.8
5,19,10.0,816.84
5,19,11.0,821.89
5,19,12.0,680.04
5,19,13.0,551.77
5,19,14.0,699.64
5,19,15.0,433.84
5,19,16.0,0.0
5,19,17.0,0.0
5,19,18.0,0.0
5,19,19.0,-0.0
5,19,20.0,-0.0
5,19,21.0,-0.0
5,19,22.0,-0.0
5,19,23.0,-0.0
5,20,0.0,-0.0
5,20,1.0,-0.0
5,20,2.0,-0.0
5,20,3.0,-0.0
5,20,4.0,-0.0
5,20,5.0,-0.0
5,20,6.0,-0.0
5,20,7.0,0.0
5,20,8.0,39.0
5,20,9.0,486.17
5,20,10.0,488.74
5,20,11.0,318.15
5,20,12.0,556.32
5,20,13.0,818.23
5,20,14.0,573.98
5,20,15.0,388.54
5,20,16.0,210.57
5,20,17.0,516.33
5,20,18.0,0.0
5,20,19.0,-0.0
5,20,20.0,-0.0
5,20,21.0,-0.0
5,20,22.0,-0.0
5,20,23.0,-0.0
5,21,0.0,-0.0
5,21,1.0,-0.0
5,21,2.0,-0.0
5,21,3.0,-0.0
5,21,4.0,-0.0
5,21,5.0,-0.0
5,21,6.0,-0.0
5,21,7.0,254.95
5,21,8.0,638.56
5,21,9.0,681.86
5,21,10.0,694.8
5,21,11.0,810.75
5,21,12.0,907.09
5,21,13.0,886.96
5,21,14.0,613.75
5,21,15.0,427.98
5,21,16.0,567.07
5,21,17.0,553.21
5,21,18.0,0.0
5,21,19.0,-0.0
5,21,20.0,-0.0
5,21,21.0,-0.0
5,21,22.0,-0.0
5,21,23.0,-0.0
5,22,0.0,-0.0
5,22,1.0,-0.0
5,22,2.0,-0.0
5,22,3.0,-0.0
5,22,4.0,-0.0
5,22,5.0,-0.0
5,22,6.0,-0.0
5,22,7.0,138.7
5,22,8.0,414.3
5,22,9.0,768.14
5,22,10.0,855.9
5,22,11.0,878.18
5,22,12.0,945.05
5,22,13.0,1005.41
5,22,14.0,283.63
5,22,15.0,832.92
5,22,16.0,94.01
5,22,17.0,66.89
5,22,18.0,0.0
5,22,19.0,-0.0
5,22,20.0,-0.0
5,22,21.0,-0.0
5,22,22.0,-0.0
5,22,23.0,-0.0
5,23,0.0,-0.0
5,23,1.0,-0.0
5,23,2.0,-0.0
5,23,3.0,-0.0
5,23,4.0,-0.0
5,23,5.0,-0.0
5,23,6.0,-0.0
5,23,7.0,240.28
5,23,8.0,585.99
5,23,9.0,753.44
5,23,10.0,778.79
5,23,11.0,177.51
5,23,12.0,254.23
5,23,13.0,501.91
5,23,14.0,51.67
5,23,15.0,581.69
5,23,16.0,623.02
5,23,17.0,3.94
5,23,18.0,0.0
5,23,19.0,-0.0
5,23,20.0,-0.0
5,23,21.0,-0.0
5,23,22.0,-0.0
5,23,23.0,-0.0
5,24,0.0,-0.0
5,24,1.0,-0.0
5,24,2.0,-0.0
5,24,3.0,-0.0
5,24,4.0,-0.0
5,24,5.0,-0.0
5,24,6.0,-0.0
5,24,7.0,273.23
5,24,8.0,158.52
5,24,9.0,491.8
5,24,10.0,572.87
5,24,11.0,636.91
5,24,12.0,408.98
5,24,13.0,211.79
5,24,14.0,377.87
5,24,15.0,225.33
5,24,16.0,8.58
5,24,17.0,189.81
5,24,18.0,0.0
5,24,19.0,-0.0
5,24,20.0,-0.0
5,24,21.0,-0.0
5,24,22.0,-0.0
5,24,23.0,-0.0
5,25,0.0,-0.0
5,25,1.0,-0.0
5,25,2.0,-0.0
5,25,3.0,-0.0
5,25,4.0,-0.0
5,25,5.0,-0.0
5,25,6.0,-0.0
5,25,7.0,184.15
5,25,8.0,658.07
5,25,9.0,814.46
5,25,10.0,843.26
5,25,11.0,817.76
5,25,12.0,551.44
5,25,13.0,635.36
5,25,14.0,457.62
5,25,15.0,451.46
5,25,16.0,498.58
5,25,17.0,194.18
5,25,18.0,0.0
5,25,19.0,-0.0
5,25,20.0,-0.0
5,25,21.0,-0.0
5,25,22.0,-0.0
5,25,23.0,-0.0
5,26,0.0,-0.0
5,26,1.0,-0.0
5,26,2.0,-0.0
5,26,3.0,-0.0
5,26,4.0,-0.0
5,26,5.0,-0.0
5,26,6.0,-0.0
5,26,7.0,206.91
5,26,8.0,657.67
5,26,9.0,695.5
5,26,10.0,759.7
5,26,11.0,840.69
5,26,12.0,889.14
5,26,13.0,736.24
5,26,14.0,784.34
5,26,15.0,531.74
5,26,16.0,66.73
5,26,17.0,532.05
5,26,18.0,0.0
5,26,19.0,-0.0
5,26,20.0,-0.0
5,26,21.0,-0.0
5,26,22.0,-0.0
5,26,23.0,-0.0
5,27,0.0,-0.0
5,27,1.0,-0.0
5,27,2.0,-0.0
5,27,3.0,-0.0
5,27,4.0,-0.0
5,27,5.0,-0.0
5,27,6.0,-0.0
5,27,7.0,261.59
5,27,8.0,536.92
5,27,9.0,649.96
5,27,10.0,669.91
5,27,11.0,714.72
5,27,12.0,558.21
5,27,13.0,466.29
5,27,14.0,385.0
5,27,15.0,627.85
5,27,16.0,730.92
5,27,17.0,361.94
5,27,18.0,0.0
5,27,19.0,-0.0
5,27,20.0,-0.0
5,27,21.0,-0.0
5,27,22.0,-0.0
5,27,23.0,-0.0
5,28,0.0,-0.0
5,28,1.0,-0.0
5,28,2.0,-0.0
5,28,3.0,-0.0
5,28,4.0,-0.0
5,28,5.0,-0.0
5,28,6.0,-0.0
5,28,7.0,169.36
5,28,8.0,350.11
5,28,9.0,829.03
5,28,10.0,824.38
5,28,11.0,598.25
5,28,12.0,961.84
5,28,13.0,923.41
5,28,14.0,803.78
5,28,15.0,592.81
5,28,16.0,731.98
5,28,17.0,601.49
5,28,18.0,0.0
5,28,19.0,-0.0
5,28,20.0,-0.0
5,28,21.0,-0.0
5,28,22.0,-0.0
5,28,23.0,-0.0
5,29,0.0,-0.0
5,29,1.0,-0.0
5,29,2.0,-0.0
5,29,3.0,-0.0
5,29,4.0,-0.0
5,29,5.0,-0.0
5,29,6.0,-0.0
5,29,7.0,235.62
5,29,8.0,606.64
5,29,9.0,774.01
5,29,10.0,782.44
5,29,11.0,849.48
5,29,12.0,799.59
5,29,13.0,659.95
5,29,14.0,776.27
5,29,15.0,609.3
5,29,16.0,588.09
5,29,17.0,618.22
5,29,18.0,0.0
5,29,19.0,-0.0
5,29,20.0,-0.0
5,29,21.0,-0.0
5,29,22.0,-0.0
5,29,23.0,-0.0
5,30,0.0,-0.0
5,30,1.0,-0.0
5,30,2.0,-0.0
5,30,3.0,-0.0
5,30,4.0,-0.0
5,30,5.0,-0.0
5,30,6.0,-0.0
5,30,7.0,216.76
5,30,8.0,662.21
5,30,9.0,814.48
5,30,10.0,825.14
5,30,11.0,862.42
5,30,12.0,844.65
5,30,13.0,607.18
5,30,14.0,641.49
5,30,15.0,774.77
5,30,16.0,679.71
5,30,17.0,519.06
5,30,18.0,0.0
5,30,19.0,-0.0
5,30,20.0,-0.0
5,30,21.0,-0.0
5,30,22.0,-0.0
5,30,23.0,-0.0
5,31,0.0,-0.0
5,31,1.0,-0.0
5,31,2.0,-0.0
5,31,3.0,-0.0
5,31,4.0,-0.0
5,31,5.0,-0.0
5,31,6.0,-0.0
5,31,7.0,208.43
5,31,8.0,677.45
5,31,9.0,774.43
5,31,10.0,844.52
5,31,11.0,881.68
5,31,12.0,947.79
5,31,13.0,877.39
5,31,14.0,886.98
5,31,15.0,719.18
5,31,16.0,589.42
5,31,17.0,555.47
5,31,18.0,0.0
5,31,19.0,-0.0
5,31,20.0,-0.0
5,31,21.0,-0.0
5,31,22.0,-0.0
5,31,23.0,-0.0
6,1,0.0,-0.0
6,1,1.0,-0.0
6,1,2.0,-0.0
6,1,3.0,-0.0
6,1,4.0,-0.0
6,1,5.0,-0.0
6,1,6.0,-0.0
6,1,7.0,146.16
6,1,8.0,711.39
6,1,9.0,840.42
6,1,10.0,890.79
6,1,11.0,907.6
6,1,12.0,1046.87
6,1,13.0,550.93
6,1,14.0,191.47
6,1,15.0,468.93
6,1,16.0,28.22
6,1,17.0,52.01
6,1,18.0,0.0
6,1,19.0,-0.0
6,1,20.0,-0.0
6,1,21.0,-0.0
6,1,22.0,-0.0
6,1,23.0,-0.0
6,2,0.0,-0.0
6,2,1.0,-0.0
6,2,2.0,-0.0
6,2,3.0,-0.0
6,2,4.0,-0.0
6,2,5.0,-0.0
6,2,6.0,-0.0
6,2,7.0,91.08
6,2,8.0,660.28
6,2,9.0,794.2
6,2,10.0,857.2
6,2,11.0,873.64
6,2,12.0,721.52
6,2,13.0,612.92
6,2,14.0,676.13
6,2,15.0,310.29
6,2,16.0,212.88
6,2,17.0,188.06
6,2,18.0,0.0
6,2,19.0,-0.0
6,2,20.0,-0.0
6,2,21.0,-0.0
6,2,22.0,-0.0
6,2,23.0,-0.0
6,3,0.0,-0.0
6,3,1.0,-0.0
6,3,2.0,-0.0
6,3,3.0,-0.0
6,3,4.0,-0.0
6,3,5.0,-0.0
6,3,6.0,-0.0
6,3,7.0,80.71
6,3,8.0,608.73
6,3,9.0,747.7
6,3,10.0,872.21
6,3,11.0,591.85
6,3,12.0,274.96
6,3,13.0,377.82
6,3,14.0,190.56
6,3,15.0,581.68
6,3,16.0,476.0
6,3,17.0,0.0
6,3,18.0,0.0
6,3,19.0,-0.0
6,3,20.0,-0.0
6,3,21.0,-0.0
6,3,22.0,-0.0
6,3,23.0,-0.0
6,4,0.0,-0.0
6,4,1.0,-0.0
6,4,2.0,-0.0
6,4,3.0,-0.0
6,4,4.0,-0.0
6,4,5.0,-0.0
6,4,6.0,-0.0
6,4,7.0,35.03
6,4,8.0,607.93
6,4,9.0,792.44
6,4,10.0,887.23
6,4,11.0,791.23
6,4,12.0,470.8
6,4,13.0,314.4
6,4,14.0,470.93
6,4,15.0,399.11
6,4,16.0,528.4
6,4,17.0,428.04
6,4,18.0,0.0
6,4,19.0,-0.0
6,4,20.0,-0.0
6,4,21.0,-0.0
6,4,22.0,-0.0
6,4,23.0,-0.0
6,5,0.0,-0.0
6,5,1.0,-0.0
6,5,2.0,-0.0
6,5,3.0,-0.0
6,5,4.0,-0.0
6,5,5.0,-0.0
6,5,6.0,-0.0
6,5,7.0,118.29
6,5,8.0,706.67
6,5,9.0,835.4
6,5,10.0,903.74
6,5,11.0,938.95
6,5,12.0,936.83
6,5,13.0,933.34
6,5,14.0,767.55
6,5,15.0,569.84
6,5,16.0,630.79
6,5,17.0,499.85
6,5,18.0,0.0
6,5,19.0,-0.0
6,5,20.0,-0.0
6,5,21.0,-0.0
6,5,22.0,-0.0
6,5,23.0,-0.0
6,6,0.0,-0.0
6,6,1.0,-0.0
6,6,2.0,-0.0
6,6,3.0,-0.0
6,6,4.0,-0.0
6,6,5.0,-0.0
6,6,6.0,-0.0
6,6,7.0,107.85
6,6,8.0,719.07
6,6,9.0,835.48
6,6,10.0,902.42
6,6,11.0,921.18
6,6,12.0,850.73
6,6,13.0,784.58
6,6,14.0,585.01
6,6,15.0,458.01
6,6,16.0,424.23
6,6,17.0,215.8
6,6,18.0,0.0
6,6,19.0,-0.0
6,6,20.0,-0.0
6,6,21.0,-0.0
6,6,22.0,-0.0
6,6,23.0,-0.0
6,7,0.0,-0.0
6,7,1.0,-0.0
6,7,2.0,-0.0
6,7,3.0,-0.0
6,7,4.0,-0.0
6,7,5.0,-0.0
6,7,6.0,-0.0
6,7,7.0,109.26
6,7,8.0,627.94
6,7,9.0,804.13
6,7,10.0,853.38
6,7,11.0,789.59
6,7,12.0,0.0
6,7,13.0,848.12
6,7,14.0,1029.74
6,7,15.0,935.39
6,7,16.0,0.0
6,7,17.0,0.0
6,7,18.0,0.0
6,7,19.0,-0.0
6,7,20.0,-0.0
6,7,21.0,-0.0
6,7,22.0,-0.0
6,7,23.0,-0.0
6,8,0.0,-0.0
6,8,1.0,-0.0
6,8,2.0,-0.0
6,8,3.0,-0.0
6,8,4.0,-0.0
6,8,5.0,-0.0
6,8,6.0,-0.0
6,8,7.0,61.5
6,8,8.0,308.65
6,8,9.0,558.3
6,8,10.0,0.0
6,8,11.0,0.0
6,8,12.0,215.55
6,8,13.0,610.63
6,8,14.0,0.0
6,8,15.0,175.44
6,8,16.0,58.74
6,8,17.0,0.0
6,8,18.0,0.0
6,8,19.0,-0.0
6,8,20.0,-0.0
6,8,21.0,-0.0
6,8,22.0,-0.0
6,8,23.0,-0.0
6,9,0.0,-0.0
6,9,1.0,-0.0
6,9,2.0,-0.0
6,9,3.0,-0.0
6,9,4.0,-0.0
6,9,5.0,-0.0
6,9,6.0,-0.0
6,9,7.0,62.31
6,9,8.0,3.26
6,9,9.0,82.75
6,9,10.0,29.89
6,9,11.0,310.0
6,9,12.0,0.0
6,9,13.0,24.2
6,9,14.0,96.36
6,9,15.0,36.36
6,9,16.0,4.35
6,9,17.0,0.0
6,9,18.0,0.0
6,9,19.0,-0.0
6,9,20.0,-0.0
6,9,21.0,-0.0
6,9,22.0,-0.0
6,9,23.0,-0.0
6,10,0.0,-0.0
6,10,1.0,-0.0
6,10,2.0,-0.0
6,10,3.0,-0.0
6,10,4.0,-0.0
6,10,5.0,-0.0
6,10,6.0,-0.0
6,10,7.0,101.0
6,10,8.0,487.65
6,10,9.0,653.6
6,10,10.0,883.03
6,10,11.0,851.6
6,10,12.0,514.7
6,10,13.0,405.65
6,10,14.0,633.87
6,10,15.0,436.41
6,10,16.0,537.12
6,10,17.0,401.88
6,10,18.0,0.0
6,10,19.0,-0.0
6,10,20.0,-0.0
6,10,21.0,-0.0
6,10,22.0,-0.0
6,10,23.0,-0.0
6,11,0.0,-0.0
6,11,1.0,-0.0
6,11,2.0,-0.0
6,11,3.0,-0.0
6,11,4.0,-0.0
6,11,5.0,-0.0
6,11,6.0,-0.0
6,11,7.0,319.8
6,11,8.0,315.31
6,11,9.0,0.0
6,11,10.0,106.42
6,11,11.0,936.02
6,11,12.0,881.38
6,11,13.0,467.69
6,11,14.0,742.42
6,11,15.0,694.19
6,11,16.0,702.09
6,11,17.0,246.31
6,11,18.0,0.0
6,11,19.0,-0.0
6,11,20.0,-0.0
6,11,21.0,-0.0
6,11,22.0,-0.0
6,11,23.0,-0.0
6,12,0.0,-0.0
6,12,1.0,-0.0
6,12,2.0,-0.0
6,12,3.0,-0.0
6,12,4.0,-0.0
6,12,5.0,-0.0
6,12,6.0,-0.0
6,12,7.0,64.8
6,12,8.0,586.67
6,12,9.0,814.97
6,12,10.0,866.12
6,12,11.0,901.02
6,12,12.0,898.89
6,12,13.0,878.9
6,12,14.0,290.71
6,12,15.0,567.67
6,12,16.0,517.06
6,12,17.0,420.39
6,12,18.0,0.0
6,12,19.0,-0.0
6,12,20.0,-0.0
6,12,21.0,-0.0
6,12,22.0,-0.0
6,12,23.0,-0.0
6,13,0.0,-0.0
6,13,1.0,-0.0
6,13,2.0,-0.0
6,13,3.0,-0.0
6,13,4.0,-0.0
6,13,5.0,-0.0
6,13,6.0,-0.0
6,13,7.0,13.13
6,13,8.0,694.49
6,13,9.0,798.7
6,13,10.0,865.8
6,13,11.0,883.9
6,13,12.0,898.32
6,13,13.0,930.24
6,13,14.0,860.4
6,13,15.0,834.78
6,13,16.0,703.44
6,13,17.0,463.14
6,13,18.0,0.0
6,13,19.0,-0.0
6,13,20.0,-0.0
6,13,21.0,-0.0
6,13,22.0,-0.0
6,13,23.0,-0.0
6,14,0.0,-0.0
6,14,1.0,-0.0
6,14,2.0,-0.0
6,14,3.0,-0.0
6,14,4.0,-0.0
6,14,5.0,-0.0
6,14,6.0,-0.0
6,14,7.0,0.0
6,14,8.0,0.0
6,14,9.0,137.35
6,14,10.0,392.82
6,14,11.0,900.16
6,14,12.0,897.68
6,14,13.0,946.36
6,14,14.0,892.21
6,14,15.0,706.56
6,14,16.0,676.88
6,14,17.0,446.39
6,14,18.0,0.0
6,14,19.0,-0.0
6,14,20.0,-0.0
6,14,21.0,-0.0
6,14,22.0,-0.0
6,14,23.0,-0.0
6,15,0.0,-0.0
6,15,1.0,-0.0
6,15,2.0,-0.0
6,15,3.0,-0.0
6,15,4.0,-0.0
6,15,5.0,-0.0
6,15,6.0,-0.0
6,15,7.0,94.32
6,15,8.0,719.01
6,15,9.0,827.6
6,15,10.0,880.02
6,15,11.0,882.87
6,15,12.0,896.97
6,15,13.0,895.66
6,15,14.0,843.32
6,15,15.0,758.48
6,15,16.0,617.77
6,15,17.0,421.75
6,15,18.0,0.0
6,15,19.0,-0.0
6,15,20.0,-0.0
6,15,21.0,-0.0
6,15,22.0,-0.0
6,15,23.0,-0.0
6,16,0.0,-0.0
6,16,1.0,-0.0
6,16,2.0,-0.0
6,16,3.0,-0.0
6,16,4.0,-0.0
6,16,5.0,-0.0
6,16,6.0,-0.0
6,16,7.0,109.18
6,16,8.0,704.56
6,16,9.0,797.08
6,16,10.0,862.92
6,16,11.0,882.25
6,16,12.0,897.4
6,16,13.0,742.9
6,16,14.0,756.04
6,16,15.0,835.57
6,16,16.0,716.78
6,16,17.0,593.77
6,16,18.0,0.0
6,16,19.0,-0.0
6,16,20.0,-0.0
6,16,21.0,-0.0
6,16,22.0,-0.0
6,16,23.0,-0.0
6,17,0.0,-0.0
6,17,1.0,-0.0
6,17,2.0,-0.0
6,17,3.0,-0.0
6,17,4.0,-0.0
6,17,5.0,-0.0
6,17,6.0,-0.0
6,17,7.0,96.74
6,17,8.0,716.73
6,17,9.0,810.4
6,17,10.0,878.93
6,17,11.0,915.13
6,17,12.0,830.28
6,17,13.0,945.76
6,17,14.0,926.41
6,17,15.0,899.88
6,17,16.0,774.41
6,17,17.0,431.46
6,17,18.0,0.0
6,17,19.0,-0.0
6,17,20.0,-0.0
6,17,21.0,-0.0
6,17,22.0,-0.0
6,17,23.0,-0.0
6,18,0.0,-0.0
6,18,1.0,-0.0
6,18,2.0,-0.0
6,18,3.0,-0.0
6,18,4.0,-0.0
6,18,5.0,-0.0
6,18,6.0,-0.0
6,18,7.0,125.94
6,18,8.0,688.58
6,18,9.0,795.64
6,18,10.0,846.53
6,18,11.0,880.81
6,18,12.0,895.64
6,18,13.0,894.82
6,18,14.0,842.96
6,18,15.0,591.68
6,18,16.0,360.82
6,18,17.0,0.0
6,18,18.0,0.0
6,18,19.0,-0.0
6,18,20.0,-0.0
6,18,21.0,-0.0
6,18,22.0,-0.0
6,18,23.0,-0.0
6,19,0.0,-0.0
6,19,1.0,-0.0
6,19,2.0,-0.0
6,19,3.0,-0.0
6,19,4.0,-0.0
6,19,5.0,-0.0
6,19,6.0,-0.0
6,19,7.0,85.0
6,19,8.0,727.56
6,19,9.0,810.86
6,19,10.0,877.55
6,19,11.0,914.88
6,19,12.0,912.73
6,19,13.0,812.24
6,19,14.0,659.11
6,19,15.0,772.6
6,19,16.0,832.92
6,19,17.0,230.16
6,19,18.0,0.0
6,19,19.0,-0.0
6,19,20.0,-0.0
6,19,21.0,-0.0
6,19,22.0,-0.0
6,19,23.0,-0.0
6,20,0.0,-0.0
6,20,1.0,-0.0
6,20,2.0,-0.0
6,20,3.0,-0.0
6,20,4.0,-0.0
6,20,5.0,-0.0
6,20,6.0,-0.0
6,20,7.0,28.68
6,20,8.0,675.47
6,20,9.0,749.67
6,20,10.0,782.86
6,20,11.0,848.06
6,20,12.0,701.85
6,20,13.0,928.7
6,20,14.0,426.47
6,20,15.0,521.5
6,20,16.0,318.92
6,20,17.0,163.36
6,20,18.0,0.0
6,20,19.0,-0.0
6,20,20.0,-0.0
6,20,21.0,-0.0
6,20,22.0,-0.0
6,20,23.0,-0.0
6,21,0.0,-0.0
6,21,1.0,-0.0
6,21,2.0,-0.0
6,21,3.0,-0.0
6,21,4.0,-0.0
6,21,5.0,-0.0
6,21,6.0,-0.0
6,21,7.0,101.55
6,21,8.0,650.1
6,21,9.0,778.81
6,21,10.0,845.56
6,21,11.0,947.96
6,21,12.0,912.97
6,21,13.0,672.43
6,21,14.0,415.71
6,21,15.0,743.02
6,21,16.0,643.35
6,21,17.0,643.68
6,21,18.0,0.0
6,21,19.0,-0.0
6,21,20.0,-0.0
6,21,21.0,-0.0
6,21,22.0,-0.0
6,21,23.0,-0.0
6,22,0.0,-0.0
6,22,1.0,-0.0
6,22,2.0,-0.0
6,22,3.0,-0.0
6,22,4.0,-0.0
6,22,5.0,-0.0
6,22,6.0,-0.0
6,22,7.0,176.11
6,22,8.0,648.28
6,22,9.0,777.72
6,22,10.0,844.58
6,22,11.0,896.48
6,22,12.0,894.88
6,22,13.0,893.11
6,22,14.0,842.85
6,22,15.0,787.94
6,22,16.0,803.46
6,22,17.0,355.61
6,22,18.0,0.0
6,22,19.0,-0.0
6,22,20.0,-0.0
6,22,21.0,-0.0
6,22,22.0,-0.0
6,22,23.0,-0.0
6,23,0.0,-0.0
6,23,1.0,-0.0
6,23,2.0,-0.0
6,23,3.0,-0.0
6,23,4.0,-0.0
6,23,5.0,-0.0
6,23,6.0,-0.0
6,23,7.0,59.37
6,23,8.0,612.35
6,23,9.0,734.18
6,23,10.0,798.01
6,23,11.0,847.5
6,23,12.0,845.38
6,23,13.0,877.05
6,23,14.0,779.05
6,23,15.0,758.86
6,23,16.0,583.36
6,23,17.0,269.68
6,23,18.0,0.0
6,23,19.0,-0.0
6,23,20.0,-0.0
6,23,21.0,-0.0
6,23,22.0,-0.0
6,23,23.0,-0.0
6,24,0.0,-0.0
6,24,1.0,-0.0
6,24,2.0,-0.0
6,24,3.0,-0.0
6,24,4.0,-0.0
6,24,5.0,-0.0
6,24,6.0,-0.0
6,24,7.0,0.0
6,24,8.0,81.82
6,24,9.0,496.67
6,24,10.0,751.33
6,24,11.0,879.95
6,24,12.0,862.13
6,24,13.0,910.64
6,24,14.0,858.85
6,24,15.0,850.63
6,24,16.0,676.55
6,24,17.0,545.21
6,24,18.0,0.0
6,24,19.0,-0.0
6,24,20.0,-0.0
6,24,21.0,-0.0
6,24,22.0,-0.0
6,24,23.0,-0.0
6,25,0.0,-0.0
6,25,1.0,-0.0
6,25,2.0,-0.0
6,25,3.0,-0.0
6,25,4.0,-0.0
6,25,5.0,-0.0
6,25,6.0,-0.0
6,25,7.0,60.65
6,25,8.0,645.64
6,25,9.0,777.98
6,25,10.0,812.34
6,25,11.0,863.17
6,25,12.0,877.61
6,25,13.0,910.2
6,25,14.0,875.3
6,25,15.0,899.8
6,25,16.0,790.71
6,25,17.0,535.65
6,25,18.0,0.0
6,25,19.0,-0.0
6,25,20.0,-0.0
6,25,21.0,-0.0
6,25,22.0,-0.0
6,25,23.0,-0.0
6,26,0.0,-0.0
6,26,1.0,-0.0
6,26,2.0,-0.0
6,26,3.0,-0.0
6,26,4.0,-0.0
6,26,5.0,-0.0
6,26,6.0,-0.0
6,26,7.0,30.63
6,26,8.0,564.7
6,26,9.0,705.78
6,26,10.0,812.57
6,26,11.0,846.31
6,26,12.0,912.29
6,26,13.0,827.32
6,26,14.0,570.76
6,26,15.0,654.44
6,26,16.0,718.81
6,26,17.0,674.78
6,26,18.0,0.0
6,26,19.0,-0.0
6,26,20.0,-0.0
6,26,21.0,-0.0
6,26,22.0,-0.0
6,26,23.0,-0.0
6,27,0.0,-0.0
6,27,1.0,-0.0
6,27,2.0,-0.0
6,27,3.0,-0.0
6,27,4.0,-0.0
6,27,5.0,-0.0
6,27,6.0,-0.0
6,27,7.0,77.32
6,27,8.0,658.23
6,27,9.0,777.07
6,27,10.0,843.1
6,27,11.0,879.84
6,27,12.0,895.07
6,27,13.0,927.27
6,27,14.0,909.22
6,27,15.0,720.81
6,27,16.0,406.59
6,27,17.0,638.11
6,27,18.0,0.0
6,27,19.0,-0.0
6,27,20.0,-0.0
6,27,21.0,-0.0
6,27,22.0,-0.0
6,27,23.0,-0.0
6,28,0.0,-0.0
6,28,1.0,-0.0
6,28,2.0,-0.0
6,28,3.0,-0.0
6,28,4.0,-0.0
6,28,5.0,-0.0
6,28,6.0,-0.0
6,28,7.0,62.43
6,28,8.0,583.71
6,28,9.0,718.78
6,28,10.0,796.08
6,28,11.0,862.84
6,28,12.0,845.29
6,28,13.0,893.95
6,28,14.0,875.49
6,28,15.0,852.52
6,28,16.0,836.99
6,28,17.0,605.44
6,28,18.0,0.0
6,28,19.0,-0.0
6,28,20.0,-0.0
6,28,21.0,-0.0
6,28,22.0,-0.0
6,28,23.0,-0.0
6,29,0.0,-0.0
6,29,1.0,-0.0
6,29,2.0,-0.0
6,29,3.0,-0.0
6,29,4.0,-0.0
6,29,5.0,-0.0
6,29,6.0,-0.0
6,29,7.0,62.98
6,29,8.0,594.83
6,29,9.0,704.91
6,29,10.0,780.89
6,29,11.0,830.26
6,29,12.0,861.69
6,29,13.0,893.25
6,29,14.0,875.87
6,29,15.0,916.76
6,29,16.0,837.32
6,29,17.0,652.12
6,29,18.0,0.0
6,29,19.0,-0.0
6,29,20.0,-0.0
6,29,21.0,-0.0
6,29,22.0,-0.0
6,29,23.0,-0.0
6,30,0.0,-0.0
6,30,1.0,-0.0
6,30,2.0,-0.0
6,30,3.0,-0.0
6,30,4.0,-0.0
6,30,5.0,-0.0
6,30,6.0,-0.0
6,30,7.0,63.49
6,30,8.0,605.89
6,30,9.0,731.48
6,30,10.0,811.2
6,30,11.0,846.75
6,30,12.0,861.16
6,30,13.0,910.6
6,30,14.0,891.9
6,30,15.0,918.47
6,30,16.0,822.78
6,30,17.0,630.79
6,30,18.0,0.0
6,30,19.0,-0.0
6,30,20.0,-0.0
6,30,21.0,-0.0
6,30,22.0,-0.0
6,30,23.0,-0.0
7,1,0.0,-0.0
7,1,1.0,-0.0
7,1,2.0,-0.0
7,1,3.0,-0.0
7,1,4.0,-0.0
7,1,5.0,-0.0
7,1,6.0,-0.0
7,1,7.0,303.9
7,1,8.0,696.13
7,1,9.0,855.25
7,1,10.0,897.62
7,1,11.0,936.82
7,1,12.0,936.29
7,1,13.0,611.73
7,1,14.0,801.87
7,1,15.0,780.23
7,1,16.0,685.86
7,1,17.0,646.98
7,1,18.0,0.0
7,1,19.0,-0.0
7,1,20.0,-0.0
7,1,21.0,-0.0
7,1,22.0,-0.0
7,1,23.0,-0.0
7,2,0.0,-0.0
7,2,1.0,-0.0
7,2,2.0,-0.0
7,2,3.0,-0.0
7,2,4.0,-0.0
7,2,5.0,-0.0
7,2,6.0,-0.0
7,2,7.0,289.94
7,2,8.0,682.95
7,2,9.0,841.14
7,2,10.0,897.36
7,2,11.0,919.52
7,2,12.0,935.57
7,2,13.0,935.37
7,2,14.0,915.82
7,2,15.0,875.14
7,2,16.0,783.21
7,2,17.0,610.85
7,2,18.0,0.0
7,2,19.0,-0.0
7,2,20.0,-0.0
7,2,21.0,-0.0
7,2,22.0,-0.0
7,2,23.0,-0.0
7,3,0.0,-0.0
7,3,1.0,-0.0
7,3,2.0,-0.0
7,3,3.0,-0.0
7,3,4.0,-0.0
7,3,5.0,-0.0
7,3,6.0,-0.0
7,3,7.0,275.58
7,3,8.0,707.6
7,3,9.0,841.12
7,3,10.0,848.45
7,3,11.0,885.39
7,3,12.0,919.18
7,3,13.0,900.66
7,3,14.0,900.24
7,3,15.0,859.69
7,3,16.0,800.25
7,3,17.0,649.16
7,3,18.0,0.0
7,3,19.0,-0.0
7,3,20.0,-0.0
7,3,21.0,-0.0
7,3,22.0,-0.0
7,3,23.0,-0.0
7,4,0.0,-0.0
7,4,1.0,-0.0
7,4,2.0,-0.0
7,4,3.0,-0.0
7,4,4.0,-0.0
7,4,5.0,-0.0
7,4,6.0,-0.0
7,4,7.0,277.17
7,4,8.0,669.99
7,4,9.0,840.99
7,4,10.0,864.74
7,4,11.0,902.82
7,4,12.0,936.33
7,4,13.0,935.72
7,4,14.0,934.16
7,4,15.0,876.72
7,4,16.0,815.05
7,4,17.0,628.01
7,4,18.0,97.34
7,4,19.0,-0.0
7,4,20.0,-0.0
7,4,21.0,-0.0
7,4,22.0,-0.0
7,4,23.0,-0.0
7,5,0.0,-0.0
7,5,1.0,-0.0
7,5,2.0,-0.0
7,5,3.0,-0.0
7,5,4.0,-0.0
7,5,5.0,-0.0
7,5,6.0,-0.0
7,5,7.0,262.19
7,5,8.0,684.04
7,5,9.0,810.38
7,5,10.0,865.76
7,5,11.0,885.36
7,5,12.0,918.64
7,5,13.0,884.15
7,5,14.0,850.84
7,5,15.0,767.07
7,5,16.0,461.9
7,5,17.0,367.87
7,5,18.0,166.23
7,5,19.0,-0.0
7,5,20.0,-0.0
7,5,21.0,-0.0
7,5,22.0,-0.0
7,5,23.0,-0.0
7,6,0.0,-0.0
7,6,1.0,-0.0
7,6,2.0,-0.0
7,6,3.0,-0.0
7,6,4.0,-0.0
7,6,5.0,-0.0
7,6,6.0,-0.0
7,6,7.0,263.33
7,6,8.0,670.33
7,6,9.0,180.24
7,6,10.0,881.86
7,6,11.0,937.38
7,6,12.0,918.86
7,6,13.0,919.02
7,6,14.0,833.96
7,6,15.0,660.87
7,6,16.0,629.59
7,6,17.0,512.86
7,6,18.0,185.49
7,6,19.0,-0.0
7,6,20.0,-0.0
7,6,21.0,-0.0
7,6,22.0,-0.0
7,6,23.0,-0.0
7,7,0.0,-0.0
7,7,1.0,-0.0
7,7,2.0,-0.0
7,7,3.0,-0.0
7,7,4.0,-0.0
7,7,5.0,-0.0
7,7,6.0,-0.0
7,7,7.0,264.29
7,7,8.0,670.32
7,7,9.0,795.48
7,7,10.0,864.53
7,7,11.0,886.33
7,7,12.0,576.03
7,7,13.0,563.14
7,7,14.0,198.43
7,7,15.0,345.94
7,7,16.0,185.06
7,7,17.0,620.12
7,7,18.0,158.56
7,7,19.0,-0.0
7,7,20.0,-0.0
7,7,21.0,-0.0
7,7,22.0,-0.0
7,7,23.0,-0.0
7,8,0.0,-0.0
7,8,1.0,-0.0
7,8,2.0,-0.0
7,8,3.0,-0.0
7,8,4.0,-0.0
7,8,5.0,-0.0
7,8,6.0,-0.0
7,8,7.0,248.47
7,8,8.0,632.18
7,8,9.0,809.14
7,8,10.0,865.31
7,8,11.0,903.41
7,8,12.0,804.52
7,8,13.0,936.87
7,8,14.0,901.2
7,8,15.0,753.41
7,8,16.0,582.76
7,8,17.0,29.06
7,8,18.0,0.0
7,8,19.0,-0.0
7,8,20.0,-0.0
7,8,21.0,-0.0
7,8,22.0,-0.0
7,8,23.0,-0.0
7,9,0.0,-0.0
7,9,1.0,-0.0
7,9,2.0,-0.0
7,9,3.0,-0.0
7,9,4.0,-0.0
7,9,5.0,-0.0
7,9,6.0,-0.0
7,9,7.0,248.99
7,9,8.0,645.73
7,9,9.0,794.38
7,9,10.0,866.0
7,9,11.0,887.0
7,9,12.0,920.34
7,9,13.0,919.98
7,9,14.0,919.08
7,9,15.0,878.98
7,9,16.0,804.59
7,9,17.0,643.78
7,9,18.0,108.26
7,9,19.0,-0.0
7,9,20.0,-0.0
7,9,21.0,-0.0
7,9,22.0,-0.0
7,9,23.0,-0.0
7,10,0.0,-0.0
7,10,1.0,-0.0
7,10,2.0,-0.0
7,10,3.0,-0.0
7,10,4.0,-0.0
7,10,5.0,-0.0
7,10,6.0,-0.0
7,10,7.0,249.3
7,10,8.0,645.35
7,10,9.0,795.7
7,10,10.0,865.1
7,10,11.0,887.23
7,10,12.0,903.63
7,10,13.0,903.09
7,10,14.0,902.0
7,10,15.0,863.4
7,10,16.0,790.04
7,10,17.0,669.83
7,10,18.0,169.49
7,10,19.0,-0.0
7,10,20.0,-0.0
7,10,21.0,-0.0
7,10,22.0,-0.0
7,10,23.0,-0.0
7,11,0.0,-0.0
7,11,1.0,-0.0
7,11,2.0,-0.0
7,11,3.0,-0.0
7,11,4.0,-0.0
7,11,5.0,-0.0
7,11,6.0,-0.0
7,11,7.0,249.41
7,11,8.0,644.84
7,11,9.0,811.05
7,11,10.0,865.62
7,11,11.0,887.4
7,11,12.0,938.04
7,11,13.0,920.73
7,11,14.0,869.47
7,11,15.0,863.09
7,11,16.0,775.55
7,11,17.0,566.55
7,11,18.0,0.0
7,11,19.0,-0.0
7,11,20.0,-0.0
7,11,21.0,-0.0
7,11,22.0,-0.0
7,11,23.0,-0.0
7,12,0.0,-0.0
7,12,1.0,-0.0
7,12,2.0,-0.0
7,12,3.0,-0.0
7,12,4.0,-0.0
7,12,5.0,-0.0
7,12,6.0,-0.0
7,12,7.0,249.31
7,12,8.0,668.32
7,12,9.0,779.91
7,12,10.0,849.5
7,12,11.0,887.49
7,12,12.0,921.23
7,12,13.0,887.14
7,12,14.0,885.88
7,12,15.0,847.54
7,12,16.0,705.71
7,12,17.0,507.0
7,12,18.0,121.91
7,12,19.0,-0.0
7,12,20.0,-0.0
7,12,21.0,-0.0
7,12,22.0,-0.0
7,12,23.0,-0.0
7,13,0.0,-0.0
7,13,1.0,-0.0
7,13,2.0,-0.0
7,13,3.0,-0.0
7,13,4.0,-0.0
7,13,5.0,-0.0
7,13,6.0,-0.0
7,13,7.0,66.4
7,13,8.0,516.13
7,13,9.0,722.58
7,13,10.0,818.29
7,13,11.0,838.99
7,13,12.0,854.63
7,13,13.0,836.98
7,13,14.0,805.94
7,13,15.0,731.81
7,13,16.0,370.29
7,13,17.0,540.38
7,13,18.0,39.83
7,13,19.0,-0.0
7,13,20.0,-0.0
7,13,21.0,-0.0
7,13,22.0,-0.0
7,13,23.0,-0.0
7,14,0.0,-0.0
7,14,1.0,-0.0
7,14,2.0,-0.0
7,14,3.0,-0.0
7,14,4.0,-0.0
7,14,5.0,-0.0
7,14,6.0,-0.0
7,14,7.0,248.48
7,14,8.0,632.25
7,14,9.0,765.82
7,14,10.0,850.19
7,14,11.0,888.75
7,14,12.0,905.35
7,14,13.0,904.27
7,14,14.0,904.3
7,14,15.0,865.0
7,14,16.0,777.27
7,14,17.0,626.57
7,14,18.0,234.34
7,14,19.0,-0.0
7,14,20.0,-0.0
7,14,21.0,-0.0
7,14,22.0,-0.0
7,14,23.0,-0.0
7,15,0.0,-0.0
7,15,1.0,-0.0
7,15,2.0,-0.0
7,15,3.0,-0.0
7,15,4.0,-0.0
7,15,5.0,-0.0
7,15,6.0,-0.0
7,15,7.0,297.29
7,15,8.0,360.22
7,15,9.0,662.32
7,15,10.0,742.42
7,15,11.0,738.41
7,15,12.0,723.09
7,15,13.0,667.24
7,15,14.0,432.09
7,15,15.0,423.21
7,15,16.0,294.98
7,15,17.0,281.99
7,15,18.0,249.09
7,15,19.0,-0.0
7,15,20.0,-0.0
7,15,21.0,-0.0
7,15,22.0,-0.0
7,15,23.0,-0.0
7,16,0.0,-0.0
7,16,1.0,-0.0
7,16,2.0,-0.0
7,16,3.0,-0.0
7,16,4.0,-0.0
7,16,5.0,-0.0
7,16,6.0,-0.0
7,16,7.0,148.07
7,16,8.0,558.21
7,16,9.0,709.35
7,16,10.0,819.11
7,16,11.0,421.99
7,16,12.0,871.65
7,16,13.0,871.51
7,16,14.0,766.76
7,16,15.0,464.47
7,16,16.0,168.37
7,16,17.0,63.18
7,16,18.0,0.0
7,16,19.0,-0.0
7,16,20.0,-0.0
7,16,21.0,-0.0
7,16,22.0,-0.0
7,16,23.0,-0.0
7,17,0.0,-0.0
7,17,1.0,-0.0
7,17,2.0,-0.0
7,17,3.0,-0.0
7,17,4.0,-0.0
7,17,5.0,-0.0
7,17,6.0,-0.0
7,17,7.0,294.76
7,17,8.0,659.64
7,17,9.0,782.14
7,17,10.0,707.11
7,17,11.0,872.99
7,17,12.0,923.11
7,17,13.0,872.24
7,17,14.0,156.61
7,17,15.0,803.43
7,17,16.0,766.66
7,17,17.0,643.11
7,17,18.0,73.91
7,17,19.0,-0.0
7,17,20.0,-0.0
7,17,21.0,-0.0
7,17,22.0,-0.0
7,17,23.0,-0.0
7,18,0.0,-0.0
7,18,1.0,-0.0
7,18,2.0,-0.0
7,18,3.0,-0.0
7,18,4.0,-0.0
7,18,5.0,-0.0
7,18,6.0,-0.0
7,18,7.0,260.54
7,18,8.0,647.97
7,18,9.0,782.69
7,18,10.0,852.11
7,18,11.0,890.45
7,18,12.0,923.78
7,18,13.0,907.04
7,18,14.0,905.93
7,18,15.0,851.09
7,18,16.0,766.5
7,18,17.0,515.12
7,18,18.0,0.0
7,18,19.0,-0.0
7,18,20.0,-0.0
7,18,21.0,-0.0
7,18,22.0,-0.0
7,18,23.0,-0.0
7,19,0.0,-0.0
7,19,1.0,-0.0
7,19,2.0,-0.0
7,19,3.0,-0.0
7,19,4.0,-0.0
7,19,5.0,-0.0
7,19,6.0,-0.0
7,19,7.0,258.87
7,19,8.0,673.65
7,19,9.0,799.09
7,19,10.0,868.41
7,19,11.0,890.09
7,19,12.0,924.4
7,19,13.0,924.06
7,19,14.0,906.56
7,19,15.0,852.08
7,19,16.0,752.25
7,19,17.0,474.86
7,19,18.0,232.15
7,19,19.0,-0.0
7,19,20.0,-0.0
7,19,21.0,-0.0
7,19,22.0,-0.0
7,19,23.0,-0.0
7,20,0.0,-0.0
7,20,1.0,-0.0
7,20,2.0,-0.0
7,20,3.0,-0.0
7,20,4.0,-0.0
7,20,5.0,-0.0
7,20,6.0,-0.0
7,20,7.0,273.04
7,20,8.0,648.17
7,20,9.0,783.51
7,20,10.0,853.35
7,20,11.0,890.92
7,20,12.0,924.97
7,20,13.0,924.56
7,20,14.0,907.17
7,20,15.0,853.05
7,20,16.0,409.15
7,20,17.0,331.38
7,20,18.0,193.27
7,20,19.0,-0.0
7,20,20.0,-0.0
7,20,21.0,-0.0
7,20,22.0,-0.0
7,20,23.0,-0.0
7,21,0.0,-0.0
7,21,1.0,-0.0
7,21,2.0,-0.0
7,21,3.0,-0.0
7,21,4.0,-0.0
7,21,5.0,-0.0
7,21,6.0,-0.0
7,21,7.0,270.82
7,21,8.0,649.76
7,21,9.0,783.77
7,21,10.0,838.27
7,21,11.0,874.06
7,21,12.0,907.96
7,21,13.0,891.11
7,21,14.0,521.41
7,21,15.0,274.23
7,21,16.0,447.99
7,21,17.0,316.29
7,21,18.0,224.86
7,21,19.0,-0.0
7,21,20.0,-0.0
7,21,21.0,-0.0
7,21,22.0,-0.0
7,21,23.0,-0.0
7,22,0.0,-0.0
7,22,1.0,-0.0
7,22,2.0,-0.0
7,22,3.0,-0.0
7,22,4.0,-0.0
7,22,5.0,-0.0
7,22,6.0,-0.0
7,22,7.0,284.18
7,22,8.0,661.33
7,22,9.0,783.94
7,22,10.0,854.28
7,22,11.0,892.41
7,22,12.0,452.48
7,22,13.0,580.01
7,22,14.0,658.85
7,22,15.0,807.35
7,22,16.0,0.0
7,22,17.0,0.0
7,22,18.0,306.67
7,22,19.0,-0.0
7,22,20.0,-0.0
7,22,21.0,-0.0
7,22,22.0,-0.0
7,22,23.0,-0.0
7,23,0.0,-0.0
7,23,1.0,-0.0
7,23,2.0,-0.0
7,23,3.0,-0.0
7,23,4.0,-0.0
7,23,5.0,-0.0
7,23,6.0,-0.0
7,23,7.0,250.14
7,23,8.0,649.15
7,23,9.0,799.81
7,23,10.0,855.38
7,23,11.0,875.5
7,23,12.0,908.92
7,23,13.0,726.69
7,23,14.0,843.43
7,23,15.0,683.79
7,23,16.0,556.83
7,23,17.0,603.67
7,23,18.0,218.27
7,23,19.0,-0.0
7,23,20.0,-0.0
7,23,21.0,-0.0
7,23,22.0,-0.0
7,23,23.0,-0.0
7,24,0.0,-0.0
7,24,1.0,-0.0
7,24,2.0,-0.0
7,24,3.0,-0.0
7,24,4.0,-0.0
7,24,5.0,-0.0
7,24,6.0,-0.0
7,24,7.0,262.96
7,24,8.0,626.86
7,24,9.0,785.96
7,24,10.0,840.18
7,24,11.0,893.65
7,24,12.0,910.49
7,24,13.0,944.78
7,24,14.0,892.98
7,24,15.0,840.47
7,24,16.0,678.22
7,24,17.0,482.41
7,24,18.0,298.0
7,24,19.0,-0.0
7,24,20.0,-0.0
7,24,21.0,-0.0
7,24,22.0,-0.0
7,24,23.0,-0.0
7,25,0.0,-0.0
7,25,1.0,-0.0
7,25,2.0,-0.0
7,25,3.0,-0.0
7,25,4.0,-0.0
7,25,5.0,-0.0
7,25,6.0,-0.0
7,25,7.0,275.28
7,25,8.0,604.6
7,25,9.0,742.63
7,25,10.0,824.99
7,25,11.0,876.71
7,25,12.0,893.47
7,25,13.0,910.27
7,25,14.0,911.01
7,25,15.0,873.87
7,25,16.0,818.71
7,25,17.0,676.84
7,25,18.0,310.33
7,25,19.0,-0.0
7,25,20.0,-0.0
7,25,21.0,-0.0
7,25,22.0,-0.0
7,25,23.0,-0.0
7,26,0.0,-0.0
7,26,1.0,-0.0
7,26,2.0,-0.0
7,26,3.0,-0.0
7,26,4.0,-0.0
7,26,5.0,-0.0
7,26,6.0,-0.0
7,26,7.0,241.73
7,26,8.0,692.2
7,26,9.0,758.21
7,26,10.0,840.61
7,26,11.0,877.23
7,26,12.0,893.83
7,26,13.0,929.11
7,26,14.0,946.41
7,26,15.0,874.7
7,26,16.0,804.61
7,26,17.0,640.57
7,26,18.0,274.08
7,26,19.0,-0.0
7,26,20.0,-0.0
7,26,21.0,-0.0
7,26,22.0,-0.0
7,26,23.0,-0.0
7,27,0.0,-0.0
7,27,1.0,-0.0
7,27,2.0,-0.0
7,27,3.0,-0.0
7,27,4.0,-0.0
7,27,5.0,-0.0
7,27,6.0,-0.0
7,27,7.0,149.15
7,27,8.0,606.63
7,27,9.0,759.95
7,27,10.0,841.46
7,27,11.0,877.7
7,27,12.0,911.46
7,27,13.0,828.92
7,27,14.0,895.68
7,27,15.0,875.53
7,27,16.0,804.36
7,27,17.0,681.87
7,27,18.0,302.53
7,27,19.0,-0.0
7,27,20.0,-0.0
7,27,21.0,-0.0
7,27,22.0,-0.0
7,27,23.0,-0.0
7,28,0.0,-0.0
7,28,1.0,-0.0
7,28,2.0,-0.0
7,28,3.0,-0.0
7,28,4.0,-0.0
7,28,5.0,-0.0
7,28,6.0,-0.0
7,28,7.0,264.84
7,28,8.0,630.56
7,28,9.0,746.02
7,28,10.0,826.18
7,28,11.0,879.35
7,28,12.0,912.85
7,28,13.0,912.31
7,28,14.0,896.13
7,28,15.0,858.76
7,28,16.0,776.67
7,28,17.0,619.15
7,28,18.0,204.54
7,28,19.0,-0.0
7,28,20.0,-0.0
7,28,21.0,-0.0
7,28,22.0,-0.0
7,28,23.0,-0.0
7,29,0.0,-0.0
7,29,1.0,-0.0
7,29,2.0,-0.0
7,29,3.0,-0.0
7,29,4.0,-0.0
7,29,5.0,-0.0
7,29,6.0,-0.0
7,29,7.0,246.58
7,29,8.0,585.13
7,29,9.0,761.21
7,29,10.0,826.93
7,29,11.0,879.72
7,29,12.0,913.06
7,29,13.0,913.7
7,29,14.0,913.92
7,29,15.0,877.17
7,29,16.0,792.18
7,29,17.0,620.28
7,29,18.0,280.0
7,29,19.0,-0.0
7,29,20.0,-0.0
7,29,21.0,-0.0
7,29,22.0,-0.0
7,29,23.0,-0.0
7,30,0.0,-0.0
7,30,1.0,-0.0
7,30,2.0,-0.0
7,30,3.0,-0.0
7,30,4.0,-0.0
7,30,5.0,-0.0
7,30,6.0,-0.0
7,30,7.0,257.22
7,30,8.0,595.62
7,30,9.0,731.7
7,30,10.0,811.64
7,30,11.0,846.71
7,30,12.0,862.81
7,30,13.0,863.46
7,30,14.0,880.9
7,30,15.0,844.44
7,30,16.0,692.53
7,30,17.0,412.08
7,30,18.0,107.71
7,30,19.0,-0.0
7,30,20.0,-0.0
7,30,21.0,-0.0
7,30,22.0,-0.0
7,30,23.0,-0.0
7,31,0.0,-0.0
7,31,1.0,-0.0
7,31,2.0,-0.0
7,31,3.0,-0.0
7,31,4.0,-0.0
7,31,5.0,-0.0
7,31,6.0,-0.0
7,31,7.0,239.18
7,31,8.0,586.36
7,31,9.0,733.17
7,31,10.0,812.31
7,31,11.0,864.3
7,31,12.0,914.51
7,31,13.0,915.25
7,31,14.0,915.91
7,31,15.0,894.8
7,31,16.0,854.14
7,31,17.0,751.8
7,31,18.0,335.02
7,31,19.0,-0.0
7,31,20.0,-0.0
7,31,21.0,-0.0
7,31,22.0,-0.0
7,31,23.0,-0.0
8,1,0.0,-0.0
8,1,1.0,-0.0
8,1,2.0,-0.0
8,1,3.0,-0.0
8,1,4.0,-0.0
8,1,5.0,-0.0
8,1,6.0,-0.0
8,1,7.0,152.29
8,1,8.0,554.38
8,1,9.0,696.1
8,1,10.0,756.61
8,1,11.0,804.4
8,1,12.0,826.8
8,1,13.0,826.39
8,1,14.0,836.21
8,1,15.0,830.27
8,1,16.0,723.84
8,1,17.0,574.36
8,1,18.0,180.94
8,1,19.0,-0.0
8,1,20.0,-0.0
8,1,21.0,-0.0
8,1,22.0,-0.0
8,1,23.0,-0.0
8,2,0.0,-0.0
8,2,1.0,-0.0
8,2,2.0,-0.0
8,2,3.0,-0.0
8,2,4.0,-0.0
8,2,5.0,-0.0
8,2,6.0,-0.0
8,2,7.0,149.77
8,2,8.0,525.83
8,2,9.0,697.54
8,2,10.0,771.72
8,2,11.0,820.7
8,2,12.0,858.94
8,2,13.0,859.78
8,2,14.0,852.72
8,2,15.0,847.13
8,2,16.0,737.47
8,2,17.0,575.79
8,2,18.0,179.26
8,2,19.0,-0.0
8,2,20.0,-0.0
8,2,21.0,-0.0
8,2,22.0,-0.0
8,2,23.0,-0.0
8,3,0.0,-0.0
8,3,1.0,-0.0
8,3,2.0,-0.0
8,3,3.0,-0.0
8,3,4.0,-0.0
8,3,5.0,-0.0
8,3,6.0,-0.0
8,3,7.0,160.6
8,3,8.0,516.72
8,3,9.0,685.52
8,3,10.0,759.41
8,3,11.0,806.35
8,3,12.0,844.37
8,3,13.0,828.24
8,3,14.0,837.28
8,3,15.0,803.26
8,3,16.0,685.4
8,3,17.0,498.55
8,3,18.0,88.84
8,3,19.0,-0.0
8,3,20.0,-0.0
8,3,21.0,-0.0
8,3,22.0,-0.0
8,3,23.0,-0.0
8,4,0.0,-0.0
8,4,1.0,-0.0
8,4,2.0,-0.0
8,4,3.0,-0.0
8,4,4.0,-0.0
8,4,5.0,-0.0
8,4,6.0,-0.0
8,4,7.0,144.64
8,4,8.0,558.7
8,4,9.0,713.48
8,4,10.0,774.33
8,4,11.0,822.49
8,4,12.0,861.55
8,4,13.0,861.44
8,4,14.0,854.93
8,4,15.0,818.69
8,4,16.0,589.33
8,4,17.0,470.87
8,4,18.0,29.37
8,4,19.0,-0.0
8,4,20.0,-0.0
8,4,21.0,-0.0
8,4,22.0,-0.0
8,4,23.0,-0.0
8,5,0.0,-0.0
8,5,1.0,-0.0
8,5,2.0,-0.0
8,5,3.0,-0.0
8,5,4.0,-0.0
8,5,5.0,-0.0
8,5,6.0,-0.0
8,5,7.0,154.96
8,5,8.0,520.75
8,5,9.0,701.36
8,5,10.0,760.56
8,5,11.0,823.94
8,5,12.0,830.06
8,5,13.0,845.85
8,5,14.0,855.42
8,5,15.0,805.3
8,5,16.0,714.7
8,5,17.0,560.76
8,5,18.0,145.69
8,5,19.0,-0.0
8,5,20.0,-0.0
8,5,21.0,-0.0
8,5,22.0,-0.0
8,5,23.0,-0.0
8,6,0.0,-0.0
8,6,1.0,-0.0
8,6,2.0,-0.0
8,6,3.0,-0.0
8,6,4.0,-0.0
8,6,5.0,-0.0
8,6,6.0,-0.0
8,6,7.0,152.11
8,6,8.0,521.02
8,6,9.0,676.05
8,6,10.0,776.71
8,6,11.0,825.34
8,6,12.0,862.92
8,6,13.0,878.84
8,6,14.0,855.9
8,6,15.0,850.82
8,6,16.0,741.74
8,6,17.0,591.66
8,6,18.0,173.54
8,6,19.0,-0.0
8,6,20.0,-0.0
8,6,21.0,-0.0
8,6,22.0,-0.0
8,6,23.0,-0.0
8,7,0.0,-0.0
8,7,1.0,-0.0
8,7,2.0,-0.0
8,7,3.0,-0.0
8,7,4.0,-0.0
8,7,5.0,-0.0
8,7,6.0,-0.0
8,7,7.0,174.13
8,7,8.0,533.75
8,7,9.0,703.54
8,7,10.0,777.12
8,7,11.0,825.5
8,7,12.0,864.14
8,7,13.0,864.39
8,7,14.0,857.61
8,7,15.0,821.7
8,7,16.0,703.67
8,7,17.0,521.95
8,7,18.0,86.18
8,7,19.0,-0.0
8,7,20.0,-0.0
8,7,21.0,-0.0
8,7,22.0,-0.0
8,7,23.0,-0.0
8,8,0.0,-0.0
8,8,1.0,-0.0
8,8,2.0,-0.0
8,8,3.0,-0.0
8,8,4.0,-0.0
8,8,5.0,-0.0
8,8,6.0,-0.0
8,8,7.0,195.21
8,8,8.0,555.61
8,8,9.0,717.64
8,8,10.0,808.58
8,8,11.0,842.5
8,8,12.0,865.33
8,8,13.0,865.73
8,8,14.0,796.29
8,8,15.0,735.6
8,8,16.0,627.65
8,8,17.0,417.09
8,8,18.0,114.17
8,8,19.0,-0.0
8,8,20.0,-0.0
8,8,21.0,-0.0
8,8,22.0,-0.0
8,8,23.0,-0.0
8,9,0.0,-0.0
8,9,1.0,-0.0
8,9,2.0,-0.0
8,9,3.0,-0.0
8,9,4.0,-0.0
8,9,5.0,-0.0
8,9,6.0,-0.0
8,9,7.0,71.78
8,9,8.0,232.71
8,9,9.0,707.3
8,9,10.0,565.03
8,9,11.0,828.14
8,9,12.0,849.73
8,9,13.0,834.57
8,9,14.0,828.36
8,9,15.0,722.59
8,9,16.0,666.21
8,9,17.0,425.7
8,9,18.0,0.0
8,9,19.0,-0.0
8,9,20.0,-0.0
8,9,21.0,-0.0
8,9,22.0,-0.0
8,9,23.0,-0.0
8,10,0.0,-0.0
8,10,1.0,-0.0
8,10,2.0,-0.0
8,10,3.0,-0.0
8,10,4.0,-0.0
8,10,5.0,-0.0
8,10,6.0,-0.0
8,10,7.0,152.47
8,10,8.0,530.44
8,10,9.0,708.14
8,10,10.0,780.89
8,10,11.0,829.4
8,10,12.0,835.31
8,10,13.0,819.2
8,10,14.0,813.25
8,10,15.0,780.75
8,10,16.0,630.57
8,10,17.0,244.5
8,10,18.0,56.44
8,10,19.0,-0.0
8,10,20.0,-0.0
8,10,21.0,-0.0
8,10,22.0,-0.0
8,10,23.0,-0.0
8,11,0.0,-0.0
8,11,1.0,-0.0
8,11,2.0,-0.0
8,11,3.0,-0.0
8,11,4.0,-0.0
8,11,5.0,-0.0
8,11,6.0,-0.0
8,11,7.0,218.39
8,11,8.0,521.02
8,11,9.0,683.0
8,11,10.0,782.52
8,11,11.0,830.64
8,11,12.0,852.1
8,11,13.0,851.85
8,11,14.0,829.51
8,11,15.0,669.82
8,11,16.0,462.44
8,11,17.0,189.36
8,11,18.0,0.0
8,11,19.0,-0.0
8,11,20.0,-0.0
8,11,21.0,-0.0
8,11,22.0,-0.0
8,11,23.0,-0.0
8,12,0.0,-0.0
8,12,1.0,-0.0
8,12,2.0,-0.0
8,12,3.0,-0.0
8,12,4.0,-0.0
8,12,5.0,-0.0
8,12,6.0,-0.0
8,12,7.0,22.53
8,12,8.0,402.0
8,12,9.0,634.05
8,12,10.0,740.85
8,12,11.0,816.36
8,12,12.0,837.73
8,12,13.0,837.62
8,12,14.0,436.07
8,12,15.0,532.47
8,12,16.0,272.35
8,12,17.0,537.97
8,12,18.0,41.93
8,12,19.0,-0.0
8,12,20.0,-0.0
8,12,21.0,-0.0
8,12,22.0,-0.0
8,12,23.0,-0.0
8,13,0.0,-0.0
8,13,1.0,-0.0
8,13,2.0,-0.0
8,13,3.0,-0.0
8,13,4.0,-0.0
8,13,5.0,-0.0
8,13,6.0,-0.0
8,13,7.0,176.54
8,13,8.0,462.96
8,13,9.0,624.02
8,13,10.0,713.34
8,13,11.0,786.69
8,13,12.0,776.94
8,13,13.0,631.47
8,13,14.0,467.49
8,13,15.0,291.12
8,13,16.0,92.49
8,13,17.0,0.0
8,13,18.0,0.0
8,13,19.0,-0.0
8,13,20.0,-0.0
8,13,21.0,-0.0
8,13,22.0,-0.0
8,13,23.0,-0.0
8,14,0.0,-0.0
8,14,1.0,-0.0
8,14,2.0,-0.0
8,14,3.0,-0.0
8,14,4.0,-0.0
8,14,5.0,-0.0
8,14,6.0,-0.0
8,14,7.0,194.53
8,14,8.0,508.04
8,14,9.0,687.12
8,14,10.0,728.94
8,14,11.0,772.58
8,14,12.0,808.08
8,14,13.0,792.78
8,14,14.0,787.05
8,14,15.0,799.67
8,14,16.0,683.81
8,14,17.0,500.64
8,14,18.0,166.47
8,14,19.0,-0.0
8,14,20.0,-0.0
8,14,21.0,-0.0
8,14,22.0,-0.0
8,14,23.0,-0.0
8,15,0.0,-0.0
8,15,1.0,-0.0
8,15,2.0,-0.0
8,15,3.0,-0.0
8,15,4.0,-0.0
8,15,5.0,-0.0
8,15,6.0,-0.0
8,15,7.0,211.68
8,15,8.0,528.57
8,15,9.0,689.58
8,15,10.0,744.4
8,15,11.0,804.62
8,15,12.0,840.16
8,15,13.0,824.09
8,15,14.0,834.32
8,15,15.0,830.45
8,15,16.0,710.71
8,15,17.0,541.05
8,15,18.0,138.29
8,15,19.0,-0.0
8,15,20.0,-0.0
8,15,21.0,-0.0
8,15,22.0,-0.0
8,15,23.0,-0.0
8,16,0.0,-0.0
8,16,1.0,-0.0
8,16,2.0,-0.0
8,16,3.0,-0.0
8,16,4.0,-0.0
8,16,5.0,-0.0
8,16,6.0,-0.0
8,16,7.0,207.29
8,16,8.0,501.29
8,16,9.0,652.13
8,16,10.0,730.84
8,16,11.0,790.51
8,16,12.0,810.57
8,16,13.0,810.09
8,16,14.0,758.73
8,16,15.0,523.99
8,16,16.0,144.51
8,16,17.0,0.0
8,16,18.0,0.0
8,16,19.0,-0.0
8,16,20.0,-0.0
8,16,21.0,-0.0
8,16,22.0,-0.0
8,16,23.0,-0.0
8,17,0.0,-0.0
8,17,1.0,-0.0
8,17,2.0,-0.0
8,17,3.0,-0.0
8,17,4.0,-0.0
8,17,5.0,-0.0
8,17,6.0,-0.0
8,17,7.0,223.27
8,17,8.0,553.87
8,17,9.0,705.14
8,17,10.0,761.23
8,17,11.0,805.84
8,17,12.0,842.48
8,17,13.0,842.34
8,17,14.0,852.25
8,17,15.0,688.45
8,17,16.0,571.38
8,17,17.0,472.53
8,17,18.0,82.57
8,17,19.0,-0.0
8,17,20.0,-0.0
8,17,21.0,-0.0
8,17,22.0,-0.0
8,17,23.0,-0.0
8,18,0.0,-0.0
8,18,1.0,-0.0
8,18,2.0,-0.0
8,18,3.0,-0.0
8,18,4.0,-0.0
8,18,5.0,-0.0
8,18,6.0,-0.0
8,18,7.0,218.6
8,18,8.0,514.95
8,18,9.0,667.87
8,18,10.0,762.68
8,18,11.0,807.01
8,18,12.0,828.33
8,18,13.0,827.27
8,18,14.0,775.78
8,18,15.0,618.59
8,18,16.0,359.07
8,18,17.0,376.78
8,18,18.0,27.47
8,18,19.0,-0.0
8,18,20.0,-0.0
8,18,21.0,-0.0
8,18,22.0,-0.0
8,18,23.0,-0.0
8,19,0.0,-0.0
8,19,1.0,-0.0
8,19,2.0,-0.0
8,19,3.0,-0.0
8,19,4.0,-0.0
8,19,5.0,-0.0
8,19,6.0,-0.0
8,19,7.0,19.46
8,19,8.0,549.15
8,19,9.0,695.23
8,19,10.0,777.73
8,19,11.0,824.52
8,19,12.0,861.13
8,19,13.0,844.04
8,19,14.0,644.01
8,19,15.0,413.51
8,19,16.0,89.62
8,19,17.0,0.0
8,19,18.0,0.0
8,19,19.0,-0.0
8,19,20.0,-0.0
8,19,21.0,-0.0
8,19,22.0,-0.0
8,19,23.0,-0.0
8,20,0.0,-0.0
8,20,1.0,-0.0
8,20,2.0,-0.0
8,20,3.0,-0.0
8,20,4.0,-0.0
8,20,5.0,-0.0
8,20,6.0,-0.0
8,20,7.0,228.6
8,20,8.0,510.68
8,20,9.0,670.72
8,20,10.0,750.58
8,20,11.0,810.48
8,20,12.0,830.7
8,20,13.0,829.07
8,20,14.0,808.14
8,20,15.0,790.68
8,20,16.0,663.61
8,20,17.0,476.71
8,20,18.0,54.82
8,20,19.0,-0.0
8,20,20.0,-0.0
8,20,21.0,-0.0
8,20,22.0,-0.0
8,20,23.0,-0.0
8,21,0.0,-0.0
8,21,1.0,-0.0
8,21,2.0,-0.0
8,21,3.0,-0.0
8,21,4.0,-0.0
8,21,5.0,-0.0
8,21,6.0,-0.0
8,21,7.0,223.81
8,21,8.0,532.86
8,21,9.0,699.53
8,21,10.0,795.28
8,21,11.0,811.62
8,21,12.0,863.34
8,21,13.0,815.26
8,21,14.0,698.09
8,21,15.0,704.4
8,21,16.0,509.98
8,21,17.0,334.21
8,21,18.0,13.7
8,21,19.0,-0.0
8,21,20.0,-0.0
8,21,21.0,-0.0
8,21,22.0,-0.0
8,21,23.0,-0.0
8,22,0.0,-0.0
8,22,1.0,-0.0
8,22,2.0,-0.0
8,22,3.0,-0.0
8,22,4.0,-0.0
8,22,5.0,-0.0
8,22,6.0,-0.0
8,22,7.0,219.14
8,22,8.0,494.94
8,22,9.0,648.71
8,22,10.0,753.39
8,22,11.0,796.53
8,22,12.0,816.84
8,22,13.0,815.68
8,22,14.0,779.14
8,22,15.0,776.87
8,22,16.0,628.18
8,22,17.0,444.04
8,22,18.0,68.48
8,22,19.0,-0.0
8,22,20.0,-0.0
8,22,21.0,-0.0
8,22,22.0,-0.0
8,22,23.0,-0.0
8,23,0.0,-0.0
8,23,1.0,-0.0
8,23,2.0,-0.0
8,23,3.0,-0.0
8,23,4.0,-0.0
8,23,5.0,-0.0
8,23,6.0,-0.0
8,23,7.0,286.09
8,23,8.0,556.35
8,23,9.0,701.86
8,23,10.0,782.97
8,23,11.0,813.86
8,23,12.0,865.56
8,23,13.0,848.66
8,23,14.0,857.57
8,23,15.0,822.77
8,23,16.0,666.28
8,23,17.0,462.44
8,23,18.0,68.5
8,23,19.0,-0.0
8,23,20.0,-0.0
8,23,21.0,-0.0
8,23,22.0,-0.0
8,23,23.0,-0.0
8,24,0.0,-0.0
8,24,1.0,-0.0
8,24,2.0,-0.0
8,24,3.0,-0.0
8,24,4.0,-0.0
8,24,5.0,-0.0
8,24,6.0,-0.0
8,24,7.0,262.64
8,24,8.0,538.32
8,24,9.0,677.65
8,24,10.0,785.56
8,24,11.0,829.93
8,24,12.0,850.53
8,24,13.0,849.03
8,24,14.0,843.09
8,24,15.0,646.92
8,24,16.0,554.18
8,24,17.0,50.28
8,24,18.0,0.0
8,24,19.0,-0.0
8,24,20.0,-0.0
8,24,21.0,-0.0
8,24,22.0,-0.0
8,24,23.0,-0.0
8,25,0.0,-0.0
8,25,1.0,-0.0
8,25,2.0,-0.0
8,25,3.0,-0.0
8,25,4.0,-0.0
8,25,5.0,-0.0
8,25,6.0,-0.0
8,25,7.0,257.2
8,25,8.0,509.38
8,25,9.0,691.88
8,25,10.0,786.8
8,25,11.0,847.06
8,25,12.0,867.8
8,25,13.0,866.72
8,25,14.0,843.92
8,25,15.0,694.33
8,25,16.0,490.54
8,25,17.0,342.26
8,25,18.0,27.45
8,25,19.0,-0.0
8,25,20.0,-0.0
8,25,21.0,-0.0
8,25,22.0,-0.0
8,25,23.0,-0.0
8,26,0.0,-0.0
8,26,1.0,-0.0
8,26,2.0,-0.0
8,26,3.0,-0.0
8,26,4.0,-0.0
8,26,5.0,-0.0
8,26,6.0,-0.0
8,26,7.0,302.29
8,26,8.0,552.65
8,26,9.0,693.84
8,26,10.0,788.01
8,26,11.0,833.2
8,26,12.0,836.79
8,26,13.0,804.55
8,26,14.0,752.46
8,26,15.0,723.68
8,26,16.0,543.57
8,26,17.0,404.75
8,26,18.0,27.49
8,26,19.0,-0.0
8,26,20.0,-0.0
8,26,21.0,-0.0
8,26,22.0,-0.0
8,26,23.0,-0.0
8,27,0.0,-0.0
8,27,1.0,-0.0
8,27,2.0,-0.0
8,27,3.0,-0.0
8,27,4.0,-0.0
8,27,5.0,-0.0
8,27,6.0,-0.0
8,27,7.0,304.32
8,27,8.0,556.86
8,27,9.0,709.55
8,27,10.0,789.22
8,27,11.0,834.26
8,27,12.0,870.08
8,27,13.0,852.43
8,27,14.0,739.5
8,27,15.0,696.43
8,27,16.0,452.46
8,27,17.0,322.96
8,27,18.0,0.0
8,27,19.0,-0.0
8,27,20.0,-0.0
8,27,21.0,-0.0
8,27,22.0,-0.0
8,27,23.0,-0.0
8,28,0.0,-0.0
8,28,1.0,-0.0
8,28,2.0,-0.0
8,28,3.0,-0.0
8,28,4.0,-0.0
8,28,5.0,-0.0
8,28,6.0,-0.0
8,28,7.0,314.25
8,28,8.0,667.17
8,28,9.0,671.95
8,28,10.0,790.41
8,28,11.0,819.39
8,28,12.0,823.24
8,28,13.0,669.2
8,28,14.0,349.33
8,28,15.0,637.63
8,28,16.0,453.82
8,28,17.0,109.68
8,28,18.0,0.0
8,28,19.0,-0.0
8,28,20.0,-0.0
8,28,21.0,-0.0
8,28,22.0,-0.0
8,28,23.0,-0.0
8,29,0.0,-0.0
8,29,1.0,-0.0
8,29,2.0,-0.0
8,29,3.0,-0.0
8,29,4.0,-0.0
8,29,5.0,-0.0
8,29,6.0,-0.0
8,29,7.0,323.7
8,29,8.0,605.53
8,29,9.0,754.12
8,29,10.0,807.37
8,29,11.0,836.38
8,29,12.0,840.48
8,29,13.0,822.27
8,29,14.0,785.87
8,29,15.0,675.28
8,29,16.0,434.94
8,29,17.0,125.29
8,29,18.0,0.0
8,29,19.0,-0.0
8,29,20.0,-0.0
8,29,21.0,-0.0
8,29,22.0,-0.0
8,29,23.0,-0.0
8,30,0.0,-0.0
8,30,1.0,-0.0
8,30,2.0,-0.0
8,30,3.0,-0.0
8,30,4.0,-0.0
8,30,5.0,-0.0
8,30,6.0,-0.0
8,30,7.0,294.0
8,30,8.0,606.47
8,30,9.0,742.11
8,30,10.0,808.5
8,30,11.0,821.61
8,30,12.0,809.89
8,30,13.0,807.85
8,30,14.0,704.53
8,30,15.0,590.62
8,30,16.0,425.32
8,30,17.0,231.7
8,30,18.0,0.0
8,30,19.0,-0.0
8,30,20.0,-0.0
8,30,21.0,-0.0
8,30,22.0,-0.0
8,30,23.0,-0.0
8,31,0.0,-0.0
8,31,1.0,-0.0
8,31,2.0,-0.0
8,31,3.0,-0.0
8,31,4.0,-0.0
8,31,5.0,-0.0
8,31,6.0,-0.0
8,31,7.0,53.08
8,31,8.0,0.0
8,31,9.0,206.22
8,31,10.0,779.58
8,31,11.0,792.26
8,31,12.0,795.35
8,31,13.0,619.43
8,31,14.0,628.11
8,31,15.0,45.27
8,31,16.0,132.45
8,31,17.0,0.0
8,31,18.0,41.75
8,31,19.0,-0.0
8,31,20.0,-0.0
8,31,21.0,-0.0
8,31,22.0,-0.0
8,31,23.0,-0.0
9,1,0.0,-0.0
9,1,1.0,-0.0
9,1,2.0,-0.0
9,1,3.0,-0.0
9,1,4.0,-0.0
9,1,5.0,-0.0
9,1,6.0,-0.0
9,1,7.0,182.0
9,1,8.0,455.52
9,1,9.0,578.08
9,1,10.0,692.09
9,1,11.0,752.76
9,1,12.0,787.94
9,1,13.0,800.99
9,1,14.0,746.31
9,1,15.0,588.52
9,1,16.0,71.74
9,1,17.0,46.95
9,1,18.0,139.16
9,1,19.0,-0.0
9,1,20.0,-0.0
9,1,21.0,-0.0
9,1,22.0,-0.0
9,1,23.0,-0.0
9,2,0.0,-0.0
9,2,1.0,-0.0
9,2,2.0,-0.0
9,2,3.0,-0.0
9,2,4.0,-0.0
9,2,5.0,-0.0
9,2,6.0,-0.0
9,2,7.0,104.08
9,2,8.0,222.13
9,2,9.0,388.64
9,2,10.0,654.57
9,2,11.0,739.45
9,2,12.0,744.96
9,2,13.0,772.86
9,2,14.0,50.91
9,2,15.0,0.0
9,2,16.0,0.0
9,2,17.0,0.0
9,2,18.0,0.0
9,2,19.0,-0.0
9,2,20.0,-0.0
9,2,21.0,-0.0
9,2,22.0,-0.0
9,2,23.0,-0.0
9,3,0.0,-0.0
9,3,1.0,-0.0
9,3,2.0,-0.0
9,3,3.0,-0.0
9,3,4.0,-0.0
9,3,5.0,-0.0
9,3,6.0,-0.0
9,3,7.0,247.83
9,3,8.0,469.9
9,3,9.0,651.44
9,3,10.0,736.63
9,3,11.0,0.0
9,3,12.0,440.72
9,3,13.0,628.88
9,3,14.0,378.98
9,3,15.0,442.07
9,3,16.0,549.18
9,3,17.0,272.24
9,3,18.0,42.05
9,3,19.0,-0.0
9,3,20.0,-0.0
9,3,21.0,-0.0
9,3,22.0,-0.0
9,3,23.0,-0.0
9,4,0.0,-0.0
9,4,1.0,-0.0
9,4,2.0,-0.0
9,4,3.0,-0.0
9,4,4.0,-0.0
9,4,5.0,-0.0
9,4,6.0,-0.0
9,4,7.0,207.31
9,4,8.0,518.61
9,4,9.0,630.1
9,4,10.0,738.0
9,4,11.0,800.41
9,4,12.0,837.45
9,4,13.0,834.89
9,4,14.0,808.79
9,4,15.0,738.26
9,4,16.0,642.41
9,4,17.0,297.27
9,4,18.0,0.0
9,4,19.0,-0.0
9,4,20.0,-0.0
9,4,21.0,-0.0
9,4,22.0,-0.0
9,4,23.0,-0.0
9,5,0.0,-0.0
9,5,1.0,-0.0
9,5,2.0,-0.0
9,5,3.0,-0.0
9,5,4.0,-0.0
9,5,5.0,-0.0
9,5,6.0,-0.0
9,5,7.0,210.38
9,5,8.0,512.27
9,5,9.0,655.42
9,5,10.0,753.55
9,5,11.0,817.28
9,5,12.0,854.56
9,5,13.0,851.47
9,5,14.0,839.94
9,5,15.0,781.2
9,5,16.0,730.05
9,5,17.0,328.58
9,5,18.0,0.0
9,5,19.0,-0.0
9,5,20.0,-0.0
9,5,21.0,-0.0
9,5,22.0,-0.0
9,5,23.0,-0.0
9,6,0.0,-0.0
9,6,1.0,-0.0
9,6,2.0,-0.0
9,6,3.0,-0.0
9,6,4.0,-0.0
9,6,5.0,-0.0
9,6,6.0,-0.0
9,6,7.0,172.01
9,6,8.0,485.46
9,6,9.0,621.05
9,6,10.0,740.76
9,6,11.0,802.9
9,6,12.0,808.77
9,6,13.0,853.21
9,6,14.0,810.05
9,6,15.0,753.14
9,6,16.0,716.8
9,6,17.0,350.54
9,6,18.0,0.0
9,6,19.0,-0.0
9,6,20.0,-0.0
9,6,21.0,-0.0
9,6,22.0,-0.0
9,6,23.0,-0.0
9,7,0.0,-0.0
9,7,1.0,-0.0
9,7,2.0,-0.0
9,7,3.0,-0.0
9,7,4.0,-0.0
9,7,5.0,-0.0
9,7,6.0,-0.0
9,7,7.0,222.83
9,7,8.0,535.53
9,7,9.0,672.5
9,7,10.0,742.15
9,7,11.0,789.72
9,7,12.0,840.56
9,7,13.0,838.06
9,7,14.0,796.36
9,7,15.0,726.54
9,7,16.0,643.14
9,7,17.0,303.66
9,7,18.0,0.0
9,7,19.0,-0.0
9,7,20.0,-0.0
9,7,21.0,-0.0
9,7,22.0,-0.0
9,7,23.0,-0.0
9,8,0.0,-0.0
9,8,1.0,-0.0
9,8,2.0,-0.0
9,8,3.0,-0.0
9,8,4.0,-0.0
9,8,5.0,-0.0
9,8,6.0,-0.0
9,8,7.0,53.03
9,8,8.0,529.18
9,8,9.0,685.84
9,8,10.0,758.85
9,8,11.0,548.41
9,8,12.0,598.89
9,8,13.0,538.11
9,8,14.0,565.83
9,8,15.0,298.26
9,8,16.0,421.24
9,8,17.0,18.79
9,8,18.0,0.0
9,8,19.0,-0.0
9,8,20.0,-0.0
9,8,21.0,-0.0
9,8,22.0,-0.0
9,8,23.0,-0.0
9,9,0.0,-0.0
9,9,1.0,-0.0
9,9,2.0,-0.0
9,9,3.0,-0.0
9,9,4.0,-0.0
9,9,5.0,-0.0
9,9,6.0,-0.0
9,9,7.0,234.3
9,9,8.0,532.98
9,9,9.0,676.26
9,9,10.0,760.21
9,9,11.0,806.74
9,9,12.0,738.28
9,9,13.0,764.82
9,9,14.0,521.59
9,9,15.0,495.32
9,9,16.0,322.21
9,9,17.0,100.24
9,9,18.0,0.0
9,9,19.0,-0.0
9,9,20.0,-0.0
9,9,21.0,-0.0
9,9,22.0,-0.0
9,9,23.0,-0.0
9,10,0.0,-0.0
9,10,1.0,-0.0
9,10,2.0,-0.0
9,10,3.0,-0.0
9,10,4.0,-0.0
9,10,5.0,-0.0
9,10,6.0,-0.0
9,10,7.0,242.9
9,10,8.0,554.19
9,10,9.0,691.12
9,10,10.0,775.51
9,10,11.0,0.0
9,10,12.0,844.94
9,10,13.0,597.46
9,10,14.0,169.46
9,10,15.0,269.22
9,10,16.0,76.87
9,10,17.0,401.14
9,10,18.0,0.0
9,10,19.0,-0.0
9,10,20.0,-0.0
9,10,21.0,-0.0
9,10,22.0,-0.0
9,10,23.0,-0.0
9,11,0.0,-0.0
9,11,1.0,-0.0
9,11,2.0,-0.0
9,11,3.0,-0.0
9,11,4.0,-0.0
9,11,5.0,-0.0
9,11,6.0,-0.0
9,11,7.0,175.83
9,11,8.0,488.35
9,11,9.0,641.25
9,11,10.0,749.06
9,11,11.0,0.0
9,11,12.0,829.85
9,11,13.0,699.51
9,11,14.0,626.77
9,11,15.0,475.54
9,11,16.0,294.57
9,11,17.0,15.68
9,11,18.0,102.04
9,11,19.0,-0.0
9,11,20.0,-0.0
9,11,21.0,-0.0
9,11,22.0,-0.0
9,11,23.0,-0.0
9,12,0.0,-0.0
9,12,1.0,-0.0
9,12,2.0,-0.0
9,12,3.0,-0.0
9,12,4.0,-0.0
9,12,5.0,-0.0
9,12,6.0,-0.0
9,12,7.0,209.81
9,12,8.0,440.66
9,12,9.0,566.1
9,12,10.0,623.32
9,12,11.0,751.53
9,12,12.0,712.35
9,12,13.0,454.14
9,12,14.0,245.64
9,12,15.0,446.7
9,12,16.0,234.13
9,12,17.0,75.29
9,12,18.0,146.62
9,12,19.0,-0.0
9,12,20.0,-0.0
9,12,21.0,-0.0
9,12,22.0,-0.0
9,12,23.0,-0.0
9,13,0.0,-0.0
9,13,1.0,-0.0
9,13,2.0,-0.0
9,13,3.0,-0.0
9,13,4.0,-0.0
9,13,5.0,-0.0
9,13,6.0,-0.0
9,13,7.0,236.55
9,13,8.0,542.78
9,13,9.0,696.58
9,13,10.0,751.96
9,13,11.0,796.84
9,13,12.0,816.48
9,13,13.0,767.71
9,13,14.0,382.36
9,13,15.0,0.0
9,13,16.0,0.0
9,13,17.0,0.0
9,13,18.0,88.5
9,13,19.0,-0.0
9,13,20.0,-0.0
9,13,21.0,-0.0
9,13,22.0,-0.0
9,13,23.0,-0.0
9,14,0.0,-0.0
9,14,1.0,-0.0
9,14,2.0,-0.0
9,14,3.0,-0.0
9,14,4.0,-0.0
9,14,5.0,-0.0
9,14,6.0,-0.0
9,14,7.0,59.64
9,14,8.0,313.26
9,14,9.0,546.93
9,14,10.0,683.35
9,14,11.0,637.76
9,14,12.0,818.14
9,14,13.0,739.48
9,14,14.0,481.19
9,14,15.0,507.17
9,14,16.0,0.0
9,14,17.0,0.0
9,14,18.0,0.0
9,14,19.0,-0.0
9,14,20.0,-0.0
9,14,21.0,-0.0
9,14,22.0,-0.0
9,14,23.0,-0.0
9,15,0.0,-0.0
9,15,1.0,-0.0
9,15,2.0,-0.0
9,15,3.0,-0.0
9,15,4.0,-0.0
9,15,5.0,-0.0
9,15,6.0,-0.0
9,15,7.0,275.67
9,15,8.0,588.55
9,15,9.0,687.56
9,15,10.0,712.51
9,15,11.0,676.65
9,15,12.0,654.0
9,15,13.0,171.31
9,15,14.0,129.87
9,15,15.0,124.69
9,15,16.0,371.16
9,15,17.0,0.0
9,15,18.0,0.0
9,15,19.0,-0.0
9,15,20.0,-0.0
9,15,21.0,-0.0
9,15,22.0,-0.0
9,15,23.0,-0.0
9,16,0.0,-0.0
9,16,1.0,-0.0
9,16,2.0,-0.0
9,16,3.0,-0.0
9,16,4.0,-0.0
9,16,5.0,-0.0
9,16,6.0,-0.0
9,16,7.0,276.96
9,16,8.0,548.71
9,16,9.0,702.12
9,16,10.0,785.07
9,16,11.0,831.72
9,16,12.0,866.78
9,16,13.0,847.14
9,16,14.0,788.78
9,16,15.0,719.32
9,16,16.0,566.77
9,16,17.0,185.61
9,16,18.0,0.0
9,16,19.0,-0.0
9,16,20.0,-0.0
9,16,21.0,-0.0
9,16,22.0,-0.0
9,16,23.0,-0.0
9,17,0.0,-0.0
9,17,1.0,-0.0
9,17,2.0,-0.0
9,17,3.0,-0.0
9,17,4.0,-0.0
9,17,5.0,-0.0
9,17,6.0,-0.0
9,17,7.0,300.94
9,17,8.0,583.21
9,17,9.0,743.36
9,17,10.0,801.42
9,17,11.0,0.0
9,17,12.0,852.02
9,17,13.0,848.2
9,17,14.0,774.47
9,17,15.0,678.36
9,17,16.0,488.15
9,17,17.0,122.79
9,17,18.0,0.0
9,17,19.0,-0.0
9,17,20.0,-0.0
9,17,21.0,-0.0
9,17,22.0,-0.0
9,17,23.0,-0.0
9,18,0.0,-0.0
9,18,1.0,-0.0
9,18,2.0,-0.0
9,18,3.0,-0.0
9,18,4.0,-0.0
9,18,5.0,-0.0
9,18,6.0,-0.0
9,18,7.0,122.96
9,18,8.0,494.3
9,18,9.0,679.21
9,18,10.0,758.34
9,18,11.0,818.45
9,18,12.0,837.36
9,18,13.0,802.46
9,18,14.0,630.68
9,18,15.0,429.04
9,18,16.0,111.53
9,18,17.0,0.0
9,18,18.0,0.0
9,18,19.0,-0.0
9,18,20.0,-0.0
9,18,21.0,-0.0
9,18,22.0,-0.0
9,18,23.0,-0.0
9,19,0.0,-0.0
9,19,1.0,-0.0
9,19,2.0,-0.0
9,19,3.0,-0.0
9,19,4.0,-0.0
9,19,5.0,-0.0
9,19,6.0,-0.0
9,19,7.0,291.69
9,19,8.0,535.81
9,19,9.0,707.78
9,19,10.0,789.55
9,19,11.0,835.14
9,19,12.0,854.5
9,19,13.0,803.65
9,19,14.0,595.0
9,19,15.0,366.65
9,19,16.0,171.88
9,19,17.0,0.0
9,19,18.0,0.0
9,19,19.0,-0.0
9,19,20.0,-0.0
9,19,21.0,-0.0
9,19,22.0,-0.0
9,19,23.0,-0.0
9,20,0.0,-0.0
9,20,1.0,-0.0
9,20,2.0,-0.0
9,20,3.0,-0.0
9,20,4.0,-0.0
9,20,5.0,-0.0
9,20,6.0,-0.0
9,20,7.0,157.2
9,20,8.0,602.51
9,20,9.0,722.16
9,20,10.0,776.33
9,20,11.0,805.45
9,20,12.0,839.95
9,20,13.0,819.41
9,20,14.0,719.4
9,20,15.0,531.53
9,20,16.0,266.99
9,20,17.0,3.16
9,20,18.0,0.0
9,20,19.0,-0.0
9,20,20.0,-0.0
9,20,21.0,-0.0
9,20,22.0,-0.0
9,20,23.0,-0.0
9,21,0.0,-0.0
9,21,1.0,-0.0
9,21,2.0,-0.0
9,21,3.0,-0.0
9,21,4.0,-0.0
9,21,5.0,-0.0
9,21,6.0,-0.0
9,21,7.0,357.83
9,21,8.0,540.77
9,21,9.0,646.54
9,21,10.0,466.28
9,21,11.0,412.16
9,21,12.0,411.21
9,21,13.0,208.53
9,21,14.0,214.32
9,21,15.0,348.84
9,21,16.0,356.65
9,21,17.0,50.55
9,21,18.0,0.0
9,21,19.0,-0.0
9,21,20.0,-0.0
9,21,21.0,-0.0
9,21,22.0,-0.0
9,21,23.0,-0.0
9,22,0.0,-0.0
9,22,1.0,-0.0
9,22,2.0,-0.0
9,22,3.0,-0.0
9,22,4.0,-0.0
9,22,5.0,-0.0
9,22,6.0,-0.0
9,22,7.0,284.23
9,22,8.0,484.43
9,22,9.0,611.69
9,22,10.0,763.7
9,22,11.0,807.74
9,22,12.0,810.08
9,22,13.0,836.43
9,22,14.0,778.55
9,22,15.0,694.79
9,22,16.0,579.88
9,22,17.0,164.45
9,22,18.0,0.0
9,22,19.0,-0.0
9,22,20.0,-0.0
9,22,21.0,-0.0
9,22,22.0,-0.0
9,22,23.0,-0.0
9,23,0.0,-0.0
9,23,1.0,-0.0
9,23,2.0,-0.0
9,23,3.0,-0.0
9,23,4.0,-0.0
9,23,5.0,-0.0
9,23,6.0,-0.0
9,23,7.0,285.4
9,23,8.0,557.21
9,23,9.0,675.63
9,23,10.0,722.7
9,23,11.0,793.39
9,23,12.0,700.11
9,23,13.0,449.41
9,23,14.0,309.2
9,23,15.0,479.76
9,23,16.0,107.95
9,23,17.0,28.49
9,23,18.0,0.0
9,23,19.0,-0.0
9,23,20.0,-0.0
9,23,21.0,-0.0
9,23,22.0,-0.0
9,23,23.0,-0.0
9,24,0.0,-0.0
9,24,1.0,-0.0
9,24,2.0,-0.0
9,24,3.0,-0.0
9,24,4.0,-0.0
9,24,5.0,-0.0
9,24,6.0,-0.0
9,24,7.0,245.63
9,24,8.0,396.66
9,24,9.0,690.08
9,24,10.0,737.97
9,24,11.0,0.0
9,24,12.0,766.29
9,24,13.0,670.41
9,24,14.0,424.5
9,24,15.0,116.2
9,24,16.0,199.48
9,24,17.0,0.0
9,24,18.0,0.0
9,24,19.0,-0.0
9,24,20.0,-0.0
9,24,21.0,-0.0
9,24,22.0,-0.0
9,24,23.0,-0.0
9,25,0.0,-0.0
9,25,1.0,-0.0
9,25,2.0,-0.0
9,25,3.0,-0.0
9,25,4.0,-0.0
9,25,5.0,-0.0
9,25,6.0,-0.0
9,25,7.0,282.69
9,25,8.0,509.97
9,25,9.0,414.12
9,25,10.0,590.41
9,25,11.0,781.0
9,25,12.0,797.83
9,25,13.0,696.73
9,25,14.0,377.9
9,25,15.0,376.93
9,25,16.0,177.56
9,25,17.0,31.72
9,25,18.0,0.0
9,25,19.0,-0.0
9,25,20.0,-0.0
9,25,21.0,-0.0
9,25,22.0,-0.0
9,25,23.0,-0.0
9,26,0.0,-0.0
9,26,1.0,-0.0
9,26,2.0,-0.0
9,26,3.0,-0.0
9,26,4.0,-0.0
9,26,5.0,-0.0
9,26,6.0,-0.0
9,26,7.0,343.71
9,26,8.0,628.81
9,26,9.0,759.92
9,26,10.0,784.16
9,26,11.0,781.84
9,26,12.0,443.06
9,26,13.0,191.09
9,26,14.0,54.28
9,26,15.0,0.0
9,26,16.0,0.0
9,26,17.0,0.0
9,26,18.0,0.0
9,26,19.0,-0.0
9,26,20.0,-0.0
9,26,21.0,-0.0
9,26,22.0,-0.0
9,26,23.0,-0.0
9,27,0.0,-0.0
9,27,1.0,-0.0
9,27,2.0,-0.0
9,27,3.0,-0.0
9,27,4.0,-0.0
9,27,5.0,-0.0
9,27,6.0,-0.0
9,27,7.0,44.25
9,27,8.0,360.86
9,27,9.0,472.04
9,27,10.0,770.29
9,27,11.0,813.6
9,27,12.0,612.69
9,27,13.0,273.51
9,27,14.0,564.1
9,27,15.0,8.1
9,27,16.0,58.61
9,27,17.0,540.2
9,27,18.0,32.1
9,27,19.0,-0.0
9,27,20.0,-0.0
9,27,21.0,-0.0
9,27,22.0,-0.0
9,27,23.0,-0.0
9,28,0.0,-0.0
9,28,1.0,-0.0
9,28,2.0,-0.0
9,28,3.0,-0.0
9,28,4.0,-0.0
9,28,5.0,-0.0
9,28,6.0,-0.0
9,28,7.0,0.0
9,28,8.0,6.69
9,28,9.0,177.0
9,28,10.0,28.96
9,28,11.0,240.3
9,28,12.0,475.47
9,28,13.0,99.01
9,28,14.0,0.0
9,28,15.0,0.0
9,28,16.0,0.0
9,28,17.0,0.0
9,28,18.0,16.13
9,28,19.0,-0.0
9,28,20.0,-0.0
9,28,21.0,-0.0
9,28,22.0,-0.0
9,28,23.0,-0.0
9,29,0.0,-0.0
9,29,1.0,-0.0
9,29,2.0,-0.0
9,29,3.0,-0.0
9,29,4.0,-0.0
9,29,5.0,-0.0
9,29,6.0,-0.0
9,29,7.0,81.52
9,29,8.0,2.22
9,29,9.0,621.31
9,29,10.0,333.51
9,29,11.0,639.14
9,29,12.0,578.06
9,29,13.0,539.07
9,29,14.0,326.47
9,29,15.0,0.0
9,29,16.0,0.0
9,29,17.0,0.0
9,29,18.0,0.0
9,29,19.0,-0.0
9,29,20.0,-0.0
9,29,21.0,-0.0
9,29,22.0,-0.0
9,29,23.0,-0.0
9,30,0.0,-0.0
9,30,1.0,-0.0
9,30,2.0,-0.0
9,30,3.0,-0.0
9,30,4.0,-0.0
9,30,5.0,-0.0
9,30,6.0,-0.0
9,30,7.0,0.0
9,30,8.0,372.84
9,30,9.0,622.4
9,30,10.0,493.82
9,30,11.0,8.48
9,30,12.0,232.21
9,30,13.0,62.84
9,30,14.0,76.79
9,30,15.0,0.0
9,30,16.0,0.0
9,30,17.0,0.0
9,30,18.0,0.0
9,30,19.0,-0.0
9,30,20.0,-0.0
9,30,21.0,-0.0
9,30,22.0,-0.0
9,30,23.0,-0.0
10,1,0.0,-0.0
10,1,1.0,-0.0
10,1,2.0,-0.0
10,1,3.0,-0.0
10,1,4.0,-0.0
10,1,5.0,-0.0
10,1,6.0,-0.0
10,1,7.0,266.92
10,1,8.0,533.41
10,1,9.0,695.48
10,1,10.0,318.96
10,1,11.0,510.3
10,1,12.0,727.26
10,1,13.0,635.21
10,1,14.0,530.64
10,1,15.0,351.17
10,1,16.0,526.39
10,1,17.0,0.0
10,1,18.0,0.0
10,1,19.0,-0.0
10,1,20.0,-0.0
10,1,21.0,-0.0
10,1,22.0,-0.0
10,1,23.0,-0.0
10,2,0.0,-0.0
10,2,1.0,-0.0
10,2,2.0,-0.0
10,2,3.0,-0.0
10,2,4.0,-0.0
10,2,5.0,-0.0
10,2,6.0,-0.0
10,2,7.0,314.81
10,2,8.0,567.93
10,2,9.0,709.89
10,2,10.0,758.78
10,2,11.0,785.6
10,2,12.0,787.09
10,2,13.0,722.34
10,2,14.0,56.44
10,2,15.0,656.46
10,2,16.0,23.85
10,2,17.0,130.87
10,2,18.0,0.0
10,2,19.0,-0.0
10,2,20.0,-0.0
10,2,21.0,-0.0
10,2,22.0,-0.0
10,2,23.0,-0.0
10,3,0.0,-0.0
10,3,1.0,-0.0
10,3,2.0,-0.0
10,3,3.0,-0.0
10,3,4.0,-0.0
10,3,5.0,-0.0
10,3,6.0,-0.0
10,3,7.0,361.7
10,3,8.0,569.58
10,3,9.0,698.95
10,3,10.0,774.09
10,3,11.0,801.51
10,3,12.0,817.66
10,3,13.0,723.02
10,3,14.0,0.0
10,3,15.0,312.04
10,3,16.0,348.73
10,3,17.0,0.0
10,3,18.0,0.0
10,3,19.0,-0.0
10,3,20.0,-0.0
10,3,21.0,-0.0
10,3,22.0,-0.0
10,3,23.0,-0.0
10,4,0.0,-0.0
10,4,1.0,-0.0
10,4,2.0,-0.0
10,4,3.0,-0.0
10,4,4.0,-0.0
10,4,5.0,-0.0
10,4,6.0,-0.0
10,4,7.0,285.35
10,4,8.0,499.87
10,4,9.0,649.48
10,4,10.0,704.75
10,4,11.0,773.14
10,4,12.0,834.14
10,4,13.0,874.85
10,4,14.0,783.09
10,4,15.0,670.08
10,4,16.0,459.03
10,4,17.0,444.37
10,4,18.0,33.04
10,4,19.0,-0.0
10,4,20.0,-0.0
10,4,21.0,-0.0
10,4,22.0,-0.0
10,4,23.0,-0.0
10,5,0.0,-0.0
10,5,1.0,-0.0
10,5,2.0,-0.0
10,5,3.0,-0.0
10,5,4.0,-0.0
10,5,5.0,-0.0
10,5,6.0,-0.0
10,5,7.0,295.83
10,5,8.0,532.09
10,5,9.0,675.93
10,5,10.0,747.59
10,5,11.0,773.32
10,5,12.0,819.47
10,5,13.0,844.7
10,5,14.0,663.4
10,5,15.0,281.03
10,5,16.0,0.0
10,5,17.0,0.0
10,5,18.0,0.0
10,5,19.0,-0.0
10,5,20.0,-0.0
10,5,21.0,-0.0
10,5,22.0,-0.0
10,5,23.0,-0.0
10,6,0.0,-0.0
10,6,1.0,-0.0
10,6,2.0,-0.0
10,6,3.0,-0.0
10,6,4.0,-0.0
10,6,5.0,-0.0
10,6,6.0,-0.0
10,6,7.0,181.91
10,6,8.0,23.59
10,6,9.0,90.19
10,6,10.0,49.92
10,6,11.0,605.16
10,6,12.0,0.0
10,6,13.0,0.0
10,6,14.0,0.0
10,6,15.0,0.0
10,6,16.0,0.0
10,6,17.0,0.0
10,6,18.0,0.0
10,6,19.0,-0.0
10,6,20.0,-0.0
10,6,21.0,-0.0
10,6,22.0,-0.0
10,6,23.0,-0.0
10,7,0.0,-0.0
10,7,1.0,-0.0
10,7,2.0,-0.0
10,7,3.0,-0.0
10,7,4.0,-0.0
10,7,5.0,-0.0
10,7,6.0,-0.0
10,7,7.0,74.69
10,7,8.0,89.7
10,7,9.0,404.13
10,7,10.0,749.95
10,7,11.0,668.68
10,7,12.0,884.69
10,7,13.0,689.07
10,7,14.0,711.79
10,7,15.0,513.58
10,7,16.0,47.79
10,7,17.0,0.0
10,7,18.0,33.24
10,7,19.0,-0.0
10,7,20.0,-0.0
10,7,21.0,-0.0
10,7,22.0,-0.0
10,7,23.0,-0.0
10,8,0.0,-0.0
10,8,1.0,-0.0
10,8,2.0,-0.0
10,8,3.0,-0.0
10,8,4.0,-0.0
10,8,5.0,-0.0
10,8,6.0,-0.0
10,8,7.0,339.44
10,8,8.0,567.94
10,8,9.0,719.54
10,8,10.0,809.27
10,8,11.0,806.7
10,8,12.0,806.91
10,8,13.0,711.46
10,8,14.0,419.61
10,8,15.0,55.42
10,8,16.0,0.0
10,8,17.0,0.0
10,8,18.0,0.0
10,8,19.0,-0.0
10,8,20.0,-0.0
10,8,21.0,-0.0
10,8,22.0,-0.0
10,8,23.0,-0.0
10,9,0.0,-0.0
10,9,1.0,-0.0
10,9,2.0,-0.0
10,9,3.0,-0.0
10,9,4.0,-0.0
10,9,5.0,-0.0
10,9,6.0,-0.0
10,9,7.0,344.96
10,9,8.0,569.95
10,9,9.0,694.42
10,9,10.0,780.91
10,9,11.0,822.78
10,9,12.0,11.03
10,9,13.0,325.37
10,9,14.0,297.79
10,9,15.0,267.69
10,9,16.0,261.2
10,9,17.0,0.0
10,9,18.0,0.0
10,9,19.0,-0.0
10,9,20.0,-0.0
10,9,21.0,-0.0
10,9,22.0,-0.0
10,9,23.0,-0.0
10,10,0.0,-0.0
10,10,1.0,-0.0
10,10,2.0,-0.0
10,10,3.0,-0.0
10,10,4.0,-0.0
10,10,5.0,-0.0
10,10,6.0,-0.0
10,10,7.0,333.35
10,10,8.0,605.78
10,10,9.0,656.3
10,10,10.0,725.52
10,10,11.0,808.47
10,10,12.0,808.12
10,10,13.0,317.09
10,10,14.0,313.58
10,10,15.0,0.0
10,10,16.0,0.0
10,10,17.0,0.0
10,10,18.0,0.0
10,10,19.0,-0.0
10,10,20.0,-0.0
10,10,21.0,-0.0
10,10,22.0,-0.0
10,10,23.0,-0.0
10,11,0.0,-0.0
10,11,1.0,-0.0
10,11,2.0,-0.0
10,11,3.0,-0.0
10,11,4.0,-0.0
10,11,5.0,-0.0
10,11,6.0,-0.0
10,11,7.0,305.08
10,11,8.0,374.34
10,11,9.0,407.88
10,11,10.0,131.0
10,11,11.0,298.62
10,11,12.0,320.71
10,11,13.0,521.22
10,11,14.0,420.76
10,11,15.0,0.0
10,11,16.0,0.0
10,11,17.0,0.0
10,11,18.0,0.0
10,11,19.0,-0.0
10,11,20.0,-0.0
10,11,21.0,-0.0
10,11,22.0,-0.0
10,11,23.0,-0.0
10,12,0.0,-0.0
10,12,1.0,-0.0
10,12,2.0,-0.0
10,12,3.0,-0.0
10,12,4.0,-0.0
10,12,5.0,-0.0
10,12,6.0,-0.0
10,12,7.0,399.22
10,12,8.0,586.79
10,12,9.0,697.44
10,12,10.0,769.72
10,12,11.0,794.72
10,12,12.0,856.57
10,12,13.0,742.75
10,12,14.0,491.86
10,12,15.0,0.0
10,12,16.0,0.0
10,12,17.0,0.0
10,12,18.0,0.0
10,12,19.0,-0.0
10,12,20.0,-0.0
10,12,21.0,-0.0
10,12,22.0,-0.0
10,12,23.0,-0.0
10,13,0.0,-0.0
10,13,1.0,-0.0
10,13,2.0,-0.0
10,13,3.0,-0.0
10,13,4.0,-0.0
10,13,5.0,-0.0
10,13,6.0,-0.0
10,13,7.0,233.46
10,13,8.0,513.81
10,13,9.0,699.05
10,13,10.0,785.35
10,13,11.0,686.43
10,13,12.0,750.14
10,13,13.0,787.82
10,13,14.0,715.29
10,13,15.0,537.18
10,13,16.0,173.13
10,13,17.0,0.0
10,13,18.0,0.0
10,13,19.0,-0.0
10,13,20.0,-0.0
10,13,21.0,-0.0
10,13,22.0,-0.0
10,13,23.0,-0.0
10,14,0.0,-0.0
10,14,1.0,-0.0
10,14,2.0,-0.0
10,14,3.0,-0.0
10,14,4.0,-0.0
10,14,5.0,-0.0
10,14,6.0,-0.0
10,14,7.0,62.06
10,14,8.0,112.43
10,14,9.0,456.49
10,14,10.0,771.6
10,14,11.0,811.53
10,14,12.0,874.08
10,14,13.0,758.03
10,14,14.0,546.12
10,14,15.0,770.08
10,14,16.0,602.42
10,14,17.0,38.53
10,14,18.0,0.0
10,14,19.0,-0.0
10,14,20.0,-0.0
10,14,21.0,-0.0
10,14,22.0,-0.0
10,14,23.0,-0.0
10,15,0.0,-0.0
10,15,1.0,-0.0
10,15,2.0,-0.0
10,15,3.0,-0.0
10,15,4.0,-0.0
10,15,5.0,-0.0
10,15,6.0,-0.0
10,15,7.0,353.19
10,15,8.0,547.95
10,15,9.0,661.83
10,15,10.0,628.68
10,15,11.0,766.16
10,15,12.0,780.78
10,15,13.0,418.5
10,15,14.0,758.34
10,15,15.0,504.93
10,15,16.0,350.11
10,15,17.0,70.65
10,15,18.0,49.47
10,15,19.0,-0.0
10,15,20.0,-0.0
10,15,21.0,-0.0
10,15,22.0,-0.0
10,15,23.0,-0.0
10,16,0.0,-0.0
10,16,1.0,-0.0
10,16,2.0,-0.0
10,16,3.0,-0.0
10,16,4.0,-0.0
10,16,5.0,-0.0
10,16,6.0,-0.0
10,16,7.0,371.1
10,16,8.0,604.3
10,16,9.0,366.62
10,16,10.0,716.18
10,16,11.0,246.56
10,16,12.0,858.7
10,16,13.0,932.39
10,16,14.0,897.28
10,16,15.0,785.32
10,16,16.0,624.81
10,16,17.0,16.06
10,16,18.0,32.86
10,16,19.0,-0.0
10,16,20.0,-0.0
10,16,21.0,-0.0
10,16,22.0,-0.0
10,16,23.0,-0.0
10,17,0.0,-0.0
10,17,1.0,-0.0
10,17,2.0,-0.0
10,17,3.0,-0.0
10,17,4.0,-0.0
10,17,5.0,-0.0
10,17,6.0,-0.0
10,17,7.0,364.56
10,17,8.0,581.98
10,17,9.0,716.25
10,17,10.0,774.26
10,17,11.0,797.86
10,17,12.0,859.58
10,17,13.0,534.43
10,17,14.0,745.03
10,17,15.0,701.53
10,17,16.0,490.35
10,17,17.0,19.26
10,17,18.0,0.0
10,17,19.0,-0.0
10,17,20.0,-0.0
10,17,21.0,-0.0
10,17,22.0,-0.0
10,17,23.0,-0.0
10,18,0.0,-0.0
10,18,1.0,-0.0
10,18,2.0,-0.0
10,18,3.0,-0.0
10,18,4.0,-0.0
10,18,5.0,-0.0
10,18,6.0,-0.0
10,18,7.0,374.3
10,18,8.0,584.57
10,18,9.0,716.72
10,18,10.0,790.1
10,18,11.0,798.63
10,18,12.0,623.36
10,18,13.0,774.52
10,18,14.0,307.1
10,18,15.0,0.0
10,18,16.0,0.0
10,18,17.0,3.21
10,18,18.0,81.38
10,18,19.0,-0.0
10,18,20.0,-0.0
10,18,21.0,-0.0
10,18,22.0,-0.0
10,18,23.0,-0.0
10,19,0.0,-0.0
10,19,1.0,-0.0
10,19,2.0,-0.0
10,19,3.0,-0.0
10,19,4.0,-0.0
10,19,5.0,-0.0
10,19,6.0,-0.0
10,19,7.0,392.01
10,19,8.0,607.76
10,19,9.0,705.71
10,19,10.0,761.47
10,19,11.0,754.56
10,19,12.0,782.41
10,19,13.0,791.02
10,19,14.0,689.98
10,19,15.0,548.74
10,19,16.0,0.0
10,19,17.0,0.0
10,19,18.0,0.0
10,19,19.0,-0.0
10,19,20.0,-0.0
10,19,21.0,-0.0
10,19,22.0,-0.0
10,19,23.0,-0.0
10,20,0.0,-0.0
10,20,1.0,-0.0
10,20,2.0,-0.0
10,20,3.0,-0.0
10,20,4.0,-0.0
10,20,5.0,-0.0
10,20,6.0,-0.0
10,20,7.0,338.03
10,20,8.0,565.37
10,20,9.0,693.36
10,20,10.0,762.2
10,20,11.0,800.29
10,20,12.0,814.42
10,20,13.0,631.05
10,20,14.0,618.97
10,20,15.0,0.0
10,20,16.0,0.0
10,20,17.0,0.0
10,20,18.0,0.0
10,20,19.0,-0.0
10,20,20.0,-0.0
10,20,21.0,-0.0
10,20,22.0,-0.0
10,20,23.0,-0.0
10,21,0.0,-0.0
10,21,1.0,-0.0
10,21,2.0,-0.0
10,21,3.0,-0.0
10,21,4.0,-0.0
10,21,5.0,-0.0
10,21,6.0,0.0
10,21,7.0,419.21
10,21,8.0,633.63
10,21,9.0,761.74
10,21,10.0,806.28
10,21,11.0,847.09
10,21,12.0,894.49
10,21,13.0,761.49
10,21,14.0,619.11
10,21,15.0,330.74
10,21,16.0,700.8
10,21,17.0,121.81
10,21,18.0,0.0
10,21,19.0,-0.0
10,21,20.0,-0.0
10,21,21.0,-0.0
10,21,22.0,-0.0
10,21,23.0,-0.0
10,22,0.0,-0.0
10,22,1.0,-0.0
10,22,2.0,-0.0
10,22,3.0,-0.0
10,22,4.0,-0.0
10,22,5.0,-0.0
10,22,6.0,0.0
10,22,7.0,397.35
10,22,8.0,589.51
10,22,9.0,720.72
10,22,10.0,793.06
10,22,11.0,832.38
10,22,12.0,846.52
10,22,13.0,902.25
10,22,14.0,836.22
10,22,15.0,703.65
10,22,16.0,547.74
10,22,17.0,25.63
10,22,18.0,0.0
10,22,19.0,-0.0
10,22,20.0,-0.0
10,22,21.0,-0.0
10,22,22.0,-0.0
10,22,23.0,-0.0
10,23,0.0,-0.0
10,23,1.0,-0.0
10,23,2.0,-0.0
10,23,3.0,-0.0
10,23,4.0,-0.0
10,23,5.0,-0.0
10,23,6.0,0.0
10,23,7.0,15.66
10,23,8.0,0.0
10,23,9.0,0.0
10,23,10.0,0.0
10,23,11.0,0.0
10,23,12.0,0.0
10,23,13.0,0.0
10,23,14.0,0.0
10,23,15.0,0.0
10,23,16.0,0.0
10,23,17.0,0.0
10,23,18.0,0.0
10,23,19.0,-0.0
10,23,20.0,-0.0
10,23,21.0,-0.0
10,23,22.0,-0.0
10,23,23.0,-0.0
10,24,0.0,-0.0
10,24,1.0,-0.0
10,24,2.0,-0.0
10,24,3.0,-0.0
10,24,4.0,-0.0
10,24,5.0,-0.0
10,24,6.0,0.0
10,24,7.0,0.0
10,24,8.0,4.06
10,24,9.0,248.46
10,24,10.0,694.35
10,24,11.0,817.71
10,24,12.0,770.67
10,24,13.0,683.92
10,24,14.0,852.47
10,24,15.0,476.06
10,24,16.0,359.6
10,24,17.0,12.79
10,24,18.0,0.0
10,24,19.0,-0.0
10,24,20.0,-0.0
10,24,21.0,-0.0
10,24,22.0,-0.0
10,24,23.0,-0.0
10,25,0.0,-0.0
10,25,1.0,-0.0
10,25,2.0,-0.0
10,25,3.0,-0.0
10,25,4.0,-0.0
10,25,5.0,-0.0
10,25,6.0,0.0
10,25,7.0,275.45
10,25,8.0,385.54
10,25,9.0,37.32
10,25,10.0,455.78
10,25,11.0,318.12
10,25,12.0,36.04
10,25,13.0,461.2
10,25,14.0,0.0
10,25,15.0,0.0
10,25,16.0,0.0
10,25,17.0,0.0
10,25,18.0,0.0
10,25,19.0,-0.0
10,25,20.0,-0.0
10,25,21.0,-0.0
10,25,22.0,-0.0
10,25,23.0,-0.0
10,26,0.0,-0.0
10,26,1.0,-0.0
10,26,2.0,-0.0
10,26,3.0,-0.0
10,26,4.0,-0.0
10,26,5.0,-0.0
10,26,6.0,0.0
10,26,7.0,282.05
10,26,8.0,455.9
10,26,9.0,645.48
10,26,10.0,780.56
10,26,11.0,803.2
10,26,12.0,755.96
10,26,13.0,887.73
10,26,14.0,367.64
10,26,15.0,0.0
10,26,16.0,0.0
10,26,17.0,0.0
10,26,18.0,0.0
10,26,19.0,-0.0
10,26,20.0,-0.0
10,26,21.0,-0.0
10,26,22.0,-0.0
10,26,23.0,-0.0
10,27,0.0,-0.0
10,27,1.0,-0.0
10,27,2.0,-0.0
10,27,3.0,-0.0
10,27,4.0,-0.0
10,27,5.0,-0.0
10,27,6.0,0.0
10,27,7.0,0.0
10,27,8.0,0.0
10,27,9.0,108.96
10,27,10.0,576.02
10,27,11.0,865.91
10,27,12.0,705.08
10,27,13.0,808.86
10,27,14.0,793.19
10,27,15.0,746.31
10,27,16.0,641.45
10,27,17.0,143.44
10,27,18.0,90.72
10,27,19.0,-0.0
10,27,20.0,-0.0
10,27,21.0,-0.0
10,27,22.0,-0.0
10,27,23.0,-0.0
10,28,0.0,-0.0
10,28,1.0,-0.0
10,28,2.0,-0.0
10,28,3.0,-0.0
10,28,4.0,-0.0
10,28,5.0,-0.0
10,28,6.0,0.0
10,28,7.0,0.0
10,28,8.0,74.78
10,28,9.0,444.28
10,28,10.0,371.55
10,28,11.0,592.69
10,28,12.0,679.24
10,28,13.0,156.27
10,28,14.0,5.66
10,28,15.0,0.0
10,28,16.0,0.0
10,28,17.0,0.0
10,28,18.0,0.0
10,28,19.0,-0.0
10,28,20.0,-0.0
10,28,21.0,-0.0
10,28,22.0,-0.0
10,28,23.0,-0.0
10,29,0.0,-0.0
10,29,1.0,-0.0
10,29,2.0,-0.0
10,29,3.0,-0.0
10,29,4.0,-0.0
10,29,5.0,-0.0
10,29,6.0,0.0
10,29,7.0,305.86
10,29,8.0,619.87
10,29,9.0,660.5
10,29,10.0,796.88
10,29,11.0,820.35
10,29,12.0,897.92
10,29,13.0,955.44
10,29,14.0,778.91
10,29,15.0,632.48
10,29,16.0,475.31
10,29,17.0,31.79
10,29,18.0,0.0
10,29,19.0,-0.0
10,29,20.0,-0.0
10,29,21.0,-0.0
10,29,22.0,-0.0
10,29,23.0,-0.0
10,30,0.0,-0.0
10,30,1.0,-0.0
10,30,2.0,-0.0
10,30,3.0,-0.0
10,30,4.0,-0.0
10,30,5.0,-0.0
10,30,6.0,0.0
10,30,7.0,411.7
10,30,8.0,667.74
10,30,9.0,782.12
10,30,10.0,858.92
10,30,11.0,884.27
10,30,12.0,882.2
10,30,13.0,906.39
10,30,14.0,919.56
10,30,15.0,859.22
10,30,16.0,738.5
10,30,17.0,111.09
10,30,18.0,0.0
10,30,19.0,-0.0
10,30,20.0,-0.0
10,30,21.0,-0.0
10,30,22.0,-0.0
10,30,23.0,-0.0
10,31,0.0,-0.0
10,31,1.0,-0.0
10,31,2.0,-0.0
10,31,3.0,-0.0
10,31,4.0,-0.0
10,31,5.0,-0.0
10,31,6.0,0.0
10,31,7.0,383.99
10,31,8.0,564.44
10,31,9.0,727.61
10,31,10.0,767.91
10,31,11.0,362.39
10,31,12.0,127.37
10,31,13.0,526.95
10,31,14.0,0.0
10,31,15.0,92.31
10,31,16.0,0.0
10,31,17.0,0.0
10,31,18.0,0.0
10,31,19.0,-0.0
10,31,20.0,-0.0
10,31,21.0,-0.0
10,31,22.0,-0.0
10,31,23.0,-0.0
11,1,0.0,-0.0
11,1,1.0,-0.0
11,1,2.0,-0.0
11,1,3.0,-0.0
11,1,4.0,-0.0
11,1,5.0,-0.0
11,1,6.0,0.0
11,1,7.0,30.34
11,1,8.0,203.48
11,1,9.0,714.71
11,1,10.0,765.76
11,1,11.0,664.45
11,1,12.0,421.39
11,1,13.0,169.88
11,1,14.0,471.37
11,1,15.0,247.08
11,1,16.0,123.29
11,1,17.0,98.05
11,1,18.0,14.23
11,1,19.0,-0.0
11,1,20.0,-0.0
11,1,21.0,-0.0
11,1,22.0,-0.0
11,1,23.0,-0.0
11,2,0.0,-0.0
11,2,1.0,-0.0
11,2,2.0,-0.0
11,2,3.0,-0.0
11,2,4.0,-0.0
11,2,5.0,-0.0
11,2,6.0,0.0
11,2,7.0,0.0
11,2,8.0,0.0
11,2,9.0,2.86
11,2,10.0,1.17
11,2,11.0,0.0
11,2,12.0,516.93
11,2,13.0,100.94
11,2,14.0,142.81
11,2,15.0,66.52
11,2,16.0,20.23
11,2,17.0,0.0
11,2,18.0,0.0
11,2,19.0,-0.0
11,2,20.0,-0.0
11,2,21.0,-0.0
11,2,22.0,-0.0
11,2,23.0,-0.0
11,3,0.0,-0.0
11,3,1.0,-0.0
11,3,2.0,-0.0
11,3,3.0,-0.0
11,3,4.0,-0.0
11,3,5.0,-0.0
11,3,6.0,0.0
11,3,7.0,113.33
11,3,8.0,70.46
11,3,9.0,67.33
11,3,10.0,278.44
11,3,11.0,377.48
11,3,12.0,716.01
11,3,13.0,369.93
11,3,14.0,117.91
11,3,15.0,9.5
11,3,16.0,294.12
11,3,17.0,129.17
11,3,18.0,0.0
11,3,19.0,-0.0
11,3,20.0,-0.0
11,3,21.0,-0.0
11,3,22.0,-0.0
11,3,23.0,-0.0
11,4,0.0,-0.0
11,4,1.0,-0.0
11,4,2.0,-0.0
11,4,3.0,-0.0
11,4,4.0,-0.0
11,4,5.0,-0.0
11,4,6.0,0.0
11,4,7.0,75.44
11,4,8.0,605.82
11,4,9.0,730.83
11,4,10.0,752.58
11,4,11.0,368.26
11,4,12.0,312.47
11,4,13.0,501.01
11,4,14.0,339.08
11,4,15.0,262.01
11,4,16.0,203.92
11,4,17.0,116.32
11,4,18.0,95.52
11,4,19.0,-0.0
11,4,20.0,-0.0
11,4,21.0,-0.0
11,4,22.0,-0.0
11,4,23.0,-0.0
11,5,0.0,-0.0
11,5,1.0,-0.0
11,5,2.0,-0.0
11,5,3.0,-0.0
11,5,4.0,-0.0
11,5,5.0,-0.0
11,5,6.0,0.0
11,5,7.0,357.85
11,5,8.0,362.27
11,5,9.0,676.61
11,5,10.0,649.9
11,5,11.0,63.85
11,5,12.0,124.65
11,5,13.0,113.45
11,5,14.0,117.97
11,5,15.0,5.43
11,5,16.0,18.36
11,5,17.0,3.14
11,5,18.0,0.0
11,5,19.0,-0.0
11,5,20.0,-0.0
11,5,21.0,-0.0
11,5,22.0,-0.0
11,5,23.0,-0.0
11,6,0.0,-0.0
11,6,1.0,-0.0
11,6,2.0,-0.0
11,6,3.0,-0.0
11,6,4.0,-0.0
11,6,5.0,-0.0
11,6,6.0,0.0
11,6,7.0,293.51
11,6,8.0,551.49
11,6,9.0,704.14
11,6,10.0,813.12
11,6,11.0,898.64
11,6,12.0,912.25
11,6,13.0,855.35
11,6,14.0,314.29
11,6,15.0,373.29
11,6,16.0,192.64
11,6,17.0,413.08
11,6,18.0,0.0
11,6,19.0,-0.0
11,6,20.0,-0.0
11,6,21.0,-0.0
11,6,22.0,-0.0
11,6,23.0,-0.0
11,7,0.0,-0.0
11,7,1.0,-0.0
11,7,2.0,-0.0
11,7,3.0,-0.0
11,7,4.0,-0.0
11,7,5.0,-0.0
11,7,6.0,0.0
11,7,7.0,0.0
11,7,8.0,0.0
11,7,9.0,0.0
11,7,10.0,0.0
11,7,11.0,0.0
11,7,12.0,149.95
11,7,13.0,631.73
11,7,14.0,584.48
11,7,15.0,261.96
11,7,16.0,66.0
11,7,17.0,0.0
11,7,18.0,0.0
11,7,19.0,-0.0
11,7,20.0,-0.0
11,7,21.0,-0.0
11,7,22.0,-0.0
11,7,23.0,-0.0
11,8,0.0,-0.0
11,8,1.0,-0.0
11,8,2.0,-0.0
11,8,3.0,-0.0
11,8,4.0,-0.0
11,8,5.0,-0.0
11,8,6.0,0.0
11,8,7.0,154.08
11,8,8.0,153.05
11,8,9.0,373.28
11,8,10.0,351.94
11,8,11.0,275.81
11,8,12.0,329.27
11,8,13.0,60.93
11,8,14.0,71.52
11,8,15.0,1.36
11,8,16.0,0.0
11,8,17.0,0.0
11,8,18.0,0.0
11,8,19.0,-0.0
11,8,20.0,-0.0
11,8,21.0,-0.0
11,8,22.0,-0.0
11,8,23.0,-0.0
11,9,0.0,-0.0
11,9,1.0,-0.0
11,9,2.0,-0.0
11,9,3.0,-0.0
11,9,4.0,-0.0
11,9,5.0,-0.0
11,9,6.0,0.0
11,9,7.0,356.91
11,9,8.0,584.3
11,9,9.0,262.91
11,9,10.0,554.12
11,9,11.0,499.52
11,9,12.0,553.15
11,9,13.0,582.72
11,9,14.0,539.33
11,9,15.0,479.0
11,9,16.0,415.45
11,9,17.0,0.0
11,9,18.0,75.82
11,9,19.0,-0.0
11,9,20.0,-0.0
11,9,21.0,-0.0
11,9,22.0,-0.0
11,9,23.0,-0.0
11,10,0.0,-0.0
11,10,1.0,-0.0
11,10,2.0,-0.0
11,10,3.0,-0.0
11,10,4.0,-0.0
11,10,5.0,-0.0
11,10,6.0,0.0
11,10,7.0,26.3
11,10,8.0,36.29
11,10,9.0,38.82
11,10,10.0,112.79
11,10,11.0,435.82
11,10,12.0,576.68
11,10,13.0,380.39
11,10,14.0,64.73
11,10,15.0,0.0
11,10,16.0,0.0
11,10,17.0,0.0
11,10,18.0,0.0
11,10,19.0,-0.0
11,10,20.0,-0.0
11,10,21.0,-0.0
11,10,22.0,-0.0
11,10,23.0,-0.0
11,11,0.0,-0.0
11,11,1.0,-0.0
11,11,2.0,-0.0
11,11,3.0,-0.0
11,11,4.0,-0.0
11,11,5.0,-0.0
11,11,6.0,0.0
11,11,7.0,0.0
11,11,8.0,0.0
11,11,9.0,4.32
11,11,10.0,0.0
11,11,11.0,0.0
11,11,12.0,0.0
11,11,13.0,0.0
11,11,14.0,0.0
11,11,15.0,0.0
11,11,16.0,0.0
11,11,17.0,71.02
11,11,18.0,0.0
11,11,19.0,-0.0
11,11,20.0,-0.0
11,11,21.0,-0.0
11,11,22.0,-0.0
11,11,23.0,-0.0
11,12,0.0,-0.0
11,12,1.0,-0.0
11,12,2.0,-0.0
11,12,3.0,-0.0
11,12,4.0,-0.0
11,12,5.0,-0.0
11,12,6.0,0.0
11,12,7.0,0.0
11,12,8.0,163.56
11,12,9.0,204.51
11,12,10.0,103.56
11,12,11.0,0.0
11,12,12.0,160.51
11,12,13.0,318.67
11,12,14.0,857.78
11,12,15.0,90.86
11,12,16.0,260.94
11,12,17.0,0.0
11,12,18.0,84.22
11,12,19.0,-0.0
11,12,20.0,-0.0
11,12,21.0,-0.0
11,12,22.0,-0.0
11,12,23.0,-0.0
11,13,0.0,-0.0
11,13,1.0,-0.0
11,13,2.0,-0.0
11,13,3.0,-0.0
11,13,4.0,-0.0
11,13,5.0,-0.0
11,13,6.0,0.0
11,13,7.0,109.11
11,13,8.0,6.06
11,13,9.0,36.04
11,13,10.0,196.72
11,13,11.0,73.68
11,13,12.0,216.17
11,13,13.0,61.07
11,13,14.0,61.36
11,13,15.0,0.0
11,13,16.0,0.0
11,13,17.0,564.69
11,13,18.0,0.0
11,13,19.0,-0.0
11,13,20.0,-0.0
11,13,21.0,-0.0
11,13,22.0,-0.0
11,13,23.0,-0.0
11,14,0.0,-0.0
11,14,1.0,-0.0
11,14,2.0,-0.0
11,14,3.0,-0.0
11,14,4.0,-0.0
11,14,5.0,-0.0
11,14,6.0,0.0
11,14,7.0,0.0
11,14,8.0,0.0
11,14,9.0,0.0
11,14,10.0,0.0
11,14,11.0,0.0
11,14,12.0,0.0
11,14,13.0,0.0
11,14,14.0,0.0
11,14,15.0,0.0
11,14,16.0,0.0
11,14,17.0,12.24
11,14,18.0,0.0
11,14,19.0,-0.0
11,14,20.0,-0.0
11,14,21.0,-0.0
11,14,22.0,-0.0
11,14,23.0,-0.0
11,15,0.0,-0.0
11,15,1.0,-0.0
11,15,2.0,-0.0
11,15,3.0,-0.0
11,15,4.0,-0.0
11,15,5.0,-0.0
11,15,6.0,0.0
11,15,7.0,226.24
11,15,8.0,147.88
11,15,9.0,36.12
11,15,10.0,116.85
11,15,11.0,152.89
11,15,12.0,149.71
11,15,13.0,123.29
11,15,14.0,159.14
11,15,15.0,169.35
11,15,16.0,20.0
11,15,17.0,0.0
11,15,18.0,0.0
11,15,19.0,-0.0
11,15,20.0,-0.0
11,15,21.0,-0.0
11,15,22.0,-0.0
11,15,23.0,-0.0
11,16,0.0,-0.0
11,16,1.0,-0.0
11,16,2.0,-0.0
11,16,3.0,-0.0
11,16,4.0,-0.0
11,16,5.0,-0.0
11,16,6.0,0.0
11,16,7.0,407.82
11,16,8.0,693.73
11,16,9.0,804.23
11,16,10.0,861.31
11,16,11.0,805.25
11,16,12.0,771.33
11,16,13.0,858.25
11,16,14.0,350.14
11,16,15.0,6.77
11,16,16.0,3.63
11,16,17.0,151.94
11,16,18.0,0.0
11,16,19.0,-0.0
11,16,20.0,-0.0
11,16,21.0,-0.0
11,16,22.0,-0.0
11,16,23.0,-0.0
11,17,0.0,-0.0
11,17,1.0,-0.0
11,17,2.0,-0.0
11,17,3.0,-0.0
11,17,4.0,-0.0
11,17,5.0,-0.0
11,17,6.0,0.0
11,17,7.0,472.82
11,17,8.0,680.51
11,17,9.0,774.83
11,17,10.0,861.06
11,17,11.0,759.5
11,17,12.0,665.51
11,17,13.0,842.04
11,17,14.0,767.44
11,17,15.0,755.4
11,17,16.0,761.82
11,17,17.0,423.96
11,17,18.0,33.16
11,17,19.0,-0.0
11,17,20.0,-0.0
11,17,21.0,-0.0
11,17,22.0,-0.0
11,17,23.0,-0.0
11,18,0.0,-0.0
11,18,1.0,-0.0
11,18,2.0,-0.0
11,18,3.0,-0.0
11,18,4.0,-0.0
11,18,5.0,-0.0
11,18,6.0,0.0
11,18,7.0,473.73
11,18,8.0,439.45
11,18,9.0,374.15
11,18,10.0,677.31
11,18,11.0,805.67
11,18,12.0,932.58
11,18,13.0,712.74
11,18,14.0,404.79
11,18,15.0,512.85
11,18,16.0,566.96
11,18,17.0,0.0
11,18,18.0,0.0
11,18,19.0,-0.0
11,18,20.0,-0.0
11,18,21.0,-0.0
11,18,22.0,-0.0
11,18,23.0,-0.0
11,19,0.0,-0.0
11,19,1.0,-0.0
11,19,2.0,-0.0
11,19,3.0,-0.0
11,19,4.0,-0.0
11,19,5.0,-0.0
11,19,6.0,0.0
11,19,7.0,383.6
11,19,8.0,668.42
11,19,9.0,775.47
11,19,10.0,861.85
11,19,11.0,900.62
11,19,12.0,692.83
11,19,13.0,429.7
11,19,14.0,0.0
11,19,15.0,0.0
11,19,16.0,0.0
11,19,17.0,0.0
11,19,18.0,0.0
11,19,19.0,-0.0
11,19,20.0,-0.0
11,19,21.0,-0.0
11,19,22.0,-0.0
11,19,23.0,-0.0
11,20,0.0,-0.0
11,20,1.0,-0.0
11,20,2.0,-0.0
11,20,3.0,-0.0
11,20,4.0,-0.0
11,20,5.0,-0.0
11,20,6.0,0.0
11,20,7.0,171.32
11,20,8.0,379.71
11,20,9.0,679.15
11,20,10.0,830.83
11,20,11.0,790.26
11,20,12.0,601.97
11,20,13.0,420.53
11,20,14.0,377.54
11,20,15.0,0.0
11,20,16.0,0.0
11,20,17.0,0.0
11,20,18.0,0.0
11,20,19.0,-0.0
11,20,20.0,-0.0
11,20,21.0,-0.0
11,20,22.0,-0.0
11,20,23.0,-0.0
11,21,0.0,-0.0
11,21,1.0,-0.0
11,21,2.0,-0.0
11,21,3.0,-0.0
11,21,4.0,-0.0
11,21,5.0,-0.0
11,21,6.0,0.0
11,21,7.0,488.59
11,21,8.0,619.71
11,21,9.0,760.27
11,21,10.0,639.34
11,21,11.0,852.54
11,21,12.0,818.78
11,21,13.0,609.77
11,21,14.0,164.89
11,21,15.0,0.0
11,21,16.0,0.0
11,21,17.0,0.0
11,21,18.0,0.0
11,21,19.0,-0.0
11,21,20.0,-0.0
11,21,21.0,-0.0
11,21,22.0,-0.0
11,21,23.0,-0.0
11,22,0.0,-0.0
11,22,1.0,-0.0
11,22,2.0,-0.0
11,22,3.0,-0.0
11,22,4.0,-0.0
11,22,5.0,-0.0
11,22,6.0,0.0
11,22,7.0,0.0
11,22,8.0,147.55
11,22,9.0,159.0
11,22,10.0,638.95
11,22,11.0,901.15
11,22,12.0,867.15
11,22,13.0,876.05
11,22,14.0,194.46
11,22,15.0,0.0
11,22,16.0,0.0
11,22,17.0,0.0
11,22,18.0,0.0
11,22,19.0,-0.0
11,22,20.0,-0.0
11,22,21.0,-0.0
11,22,22.0,-0.0
11,22,23.0,-0.0
11,23,0.0,-0.0
11,23,1.0,-0.0
11,23,2.0,-0.0
11,23,3.0,-0.0
11,23,4.0,-0.0
11,23,5.0,-0.0
11,23,6.0,0.0
11,23,7.0,176.62
11,23,8.0,330.61
11,23,9.0,58.44
11,23,10.0,96.5
11,23,11.0,54.19
11,23,12.0,615.47
11,23,13.0,286.93
11,23,14.0,114.85
11,23,15.0,0.0
11,23,16.0,0.0
11,23,17.0,0.0
11,23,18.0,0.0
11,23,19.0,-0.0
11,23,20.0,-0.0
11,23,21.0,-0.0
11,23,22.0,-0.0
11,23,23.0,-0.0
11,24,0.0,-0.0
11,24,1.0,-0.0
11,24,2.0,-0.0
11,24,3.0,-0.0
11,24,4.0,-0.0
11,24,5.0,-0.0
11,24,6.0,0.0
11,24,7.0,100.16
11,24,8.0,0.0
11,24,9.0,0.0
11,24,10.0,0.0
11,24,11.0,0.0
11,24,12.0,3.05
11,24,13.0,515.84
11,24,14.0,308.16
11,24,15.0,79.57
11,24,16.0,292.53
11,24,17.0,215.27
11,24,18.0,0.0
11,24,19.0,-0.0
11,24,20.0,-0.0
11,24,21.0,-0.0
11,24,22.0,-0.0
11,24,23.0,-0.0
11,25,0.0,-0.0
11,25,1.0,-0.0
11,25,2.0,-0.0
11,25,3.0,-0.0
11,25,4.0,-0.0
11,25,5.0,-0.0
11,25,6.0,0.0
11,25,7.0,177.82
11,25,8.0,474.39
11,25,9.0,731.53
11,25,10.0,726.29
11,25,11.0,805.95
11,25,12.0,707.02
11,25,13.0,751.16
11,25,14.0,651.52
11,25,15.0,537.72
11,25,16.0,265.15
11,25,17.0,487.54
11,25,18.0,183.08
11,25,19.0,-0.0
11,25,20.0,-0.0
11,25,21.0,-0.0
11,25,22.0,-0.0
11,25,23.0,-0.0
11,26,0.0,-0.0
11,26,1.0,-0.0
11,26,2.0,-0.0
11,26,3.0,-0.0
11,26,4.0,-0.0
11,26,5.0,-0.0
11,26,6.0,0.0
11,26,7.0,372.49
11,26,8.0,539.59
11,26,9.0,731.35
11,26,10.0,638.76
11,26,11.0,378.34
11,26,12.0,0.0
11,26,13.0,0.0
11,26,14.0,0.0
11,26,15.0,0.0
11,26,16.0,7.15
11,26,17.0,0.0
11,26,18.0,0.0
11,26,19.0,-0.0
11,26,20.0,-0.0
11,26,21.0,-0.0
11,26,22.0,-0.0
11,26,23.0,-0.0
11,27,0.0,-0.0
11,27,1.0,-0.0
11,27,2.0,-0.0
11,27,3.0,-0.0
11,27,4.0,-0.0
11,27,5.0,-0.0
11,27,6.0,0.0
11,27,7.0,3.9
11,27,8.0,41.45
11,27,9.0,382.52
11,27,10.0,179.68
11,27,11.0,269.92
11,27,12.0,6.12
11,27,13.0,0.0
11,27,14.0,554.75
11,27,15.0,26.91
11,27,16.0,0.0
11,27,17.0,0.0
11,27,18.0,0.0
11,27,19.0,-0.0
11,27,20.0,-0.0
11,27,21.0,-0.0
11,27,22.0,-0.0
11,27,23.0,-0.0
11,28,0.0,-0.0
11,28,1.0,-0.0
11,28,2.0,-0.0
11,28,3.0,-0.0
11,28,4.0,-0.0
11,28,5.0,-0.0
11,28,6.0,0.0
11,28,7.0,160.37
11,28,8.0,199.46
11,28,9.0,364.06
11,28,10.0,698.12
11,28,11.0,379.13
11,28,12.0,591.1
11,28,13.0,598.81
11,28,14.0,114.8
11,28,15.0,49.75
11,28,16.0,90.87
11,28,17.0,249.42
11,28,18.0,0.0
11,28,19.0,-0.0
11,28,20.0,-0.0
11,28,21.0,-0.0
11,28,22.0,-0.0
11,28,23.0,-0.0
11,29,0.0,-0.0
11,29,1.0,-0.0
11,29,2.0,-0.0
11,29,3.0,-0.0
11,29,4.0,-0.0
11,29,5.0,-0.0
11,29,6.0,0.0
11,29,7.0,3.93
11,29,8.0,6.25
11,29,9.0,0.0
11,29,10.0,51.65
11,29,11.0,181.75
11,29,12.0,788.68
11,29,13.0,860.46
11,29,14.0,148.87
11,29,15.0,26.87
11,29,16.0,0.0
11,29,17.0,0.0
11,29,18.0,0.0
11,29,19.0,-0.0
11,29,20.0,-0.0
11,29,21.0,-0.0
11,29,22.0,-0.0
11,29,23.0,-0.0
11,30,0.0,-0.0
11,30,1.0,-0.0
11,30,2.0,-0.0
11,30,3.0,-0.0
11,30,4.0,-0.0
11,30,5.0,-0.0
11,30,6.0,0.0
11,30,7.0,78.93
11,30,8.0,204.69
11,30,9.0,168.67
11,30,10.0,116.69
11,30,11.0,604.67
11,30,12.0,497.86
11,30,13.0,860.69
11,30,14.0,590.81
11,30,15.0,344.98
11,30,16.0,175.72
11,30,17.0,69.01
11,30,18.0,186.1
11,30,19.0,-0.0
11,30,20.0,-0.0
11,30,21.0,-0.0
11,30,22.0,-0.0
11,30,23.0,-0.0
12,1,0.0,-0.0
12,1,1.0,-0.0
12,1,2.0,-0.0
12,1,3.0,-0.0
12,1,4.0,-0.0
12,1,5.0,-0.0
12,1,6.0,0.0
12,1,7.0,167.35
12,1,8.0,63.01
12,1,9.0,690.72
12,1,10.0,621.33
12,1,11.0,550.16
12,1,12.0,535.36
12,1,13.0,137.61
12,1,14.0,0.0
12,1,15.0,0.0
12,1,16.0,0.0
12,1,17.0,0.0
12,1,18.0,0.0
12,1,19.0,-0.0
12,1,20.0,-0.0
12,1,21.0,-0.0
12,1,22.0,-0.0
12,1,23.0,-0.0
12,2,0.0,-0.0
12,2,1.0,-0.0
12,2,2.0,-0.0
12,2,3.0,-0.0
12,2,4.0,-0.0
12,2,5.0,-0.0
12,2,6.0,0.0
12,2,7.0,4.01
12,2,8.0,21.07
12,2,9.0,369.13
12,2,10.0,515.92
12,2,11.0,381.11
12,2,12.0,559.25
12,2,13.0,790.38
12,2,14.0,859.4
12,2,15.0,776.35
12,2,16.0,716.23
12,2,17.0,527.73
12,2,18.0,84.41
12,2,19.0,-0.0
12,2,20.0,-0.0
12,2,21.0,-0.0
12,2,22.0,-0.0
12,2,23.0,-0.0
12,3,0.0,-0.0
12,3,1.0,-0.0
12,3,2.0,-0.0
12,3,3.0,-0.0
12,3,4.0,-0.0
12,3,5.0,-0.0
12,3,6.0,0.0
12,3,7.0,459.01
12,3,8.0,684.54
12,3,9.0,817.33
12,3,10.0,856.7
12,3,11.0,945.69
12,3,12.0,843.5
12,3,13.0,591.33
12,3,14.0,110.09
12,3,15.0,112.32
12,3,16.0,19.36
12,3,17.0,0.0
12,3,18.0,0.0
12,3,19.0,-0.0
12,3,20.0,-0.0
12,3,21.0,-0.0
12,3,22.0,-0.0
12,3,23.0,-0.0
12,4,0.0,-0.0
12,4,1.0,-0.0
12,4,2.0,-0.0
12,4,3.0,-0.0
12,4,4.0,-0.0
12,4,5.0,-0.0
12,4,6.0,0.0
12,4,7.0,16.19
12,4,8.0,110.2
12,4,9.0,210.74
12,4,10.0,1.21
12,4,11.0,41.95
12,4,12.0,154.85
12,4,13.0,280.59
12,4,14.0,373.25
12,4,15.0,484.89
12,4,16.0,627.1
12,4,17.0,0.0
12,4,18.0,139.02
12,4,19.0,-0.0
12,4,20.0,-0.0
12,4,21.0,-0.0
12,4,22.0,-0.0
12,4,23.0,-0.0
12,5,0.0,-0.0
12,5,1.0,-0.0
12,5,2.0,-0.0
12,5,3.0,-0.0
12,5,4.0,-0.0
12,5,5.0,-0.0
12,5,6.0,0.0
12,5,7.0,0.0
12,5,8.0,21.26
12,5,9.0,98.85
12,5,10.0,411.42
12,5,11.0,911.01
12,5,12.0,892.72
12,5,13.0,806.41
12,5,14.0,766.63
12,5,15.0,692.52
12,5,16.0,692.34
12,5,17.0,293.89
12,5,18.0,16.1
12,5,19.0,-0.0
12,5,20.0,-0.0
12,5,21.0,-0.0
12,5,22.0,-0.0
12,5,23.0,-0.0
12,6,0.0,-0.0
12,6,1.0,-0.0
12,6,2.0,-0.0
12,6,3.0,-0.0
12,6,4.0,-0.0
12,6,5.0,-0.0
12,6,6.0,0.0
12,6,7.0,487.4
12,6,8.0,695.23
12,6,9.0,729.45
12,6,10.0,824.07
12,6,11.0,861.26
12,6,12.0,893.23
12,6,13.0,921.27
12,6,14.0,844.53
12,6,15.0,161.28
12,6,16.0,0.0
12,6,17.0,0.0
12,6,18.0,0.0
12,6,19.0,-0.0
12,6,20.0,-0.0
12,6,21.0,-0.0
12,6,22.0,-0.0
12,6,23.0,-0.0
12,7,0.0,-0.0
12,7,1.0,-0.0
12,7,2.0,-0.0
12,7,3.0,-0.0
12,7,4.0,-0.0
12,7,5.0,-0.0
12,7,6.0,0.0
12,7,7.0,0.0
12,7,8.0,0.0
12,7,9.0,0.0
12,7,10.0,0.0
12,7,11.0,0.0
12,7,12.0,0.0
12,7,13.0,2.09
12,7,14.0,57.79
12,7,15.0,130.47
12,7,16.0,24.43
12,7,17.0,47.15
12,7,18.0,0.0
12,7,19.0,-0.0
12,7,20.0,-0.0
12,7,21.0,-0.0
12,7,22.0,-0.0
12,7,23.0,-0.0
12,8,0.0,-0.0
12,8,1.0,-0.0
12,8,2.0,-0.0
12,8,3.0,-0.0
12,8,4.0,-0.0
12,8,5.0,-0.0
12,8,6.0,0.0
12,8,7.0,33.17
12,8,8.0,130.94
12,8,9.0,394.94
12,8,10.0,145.07
12,8,11.0,419.06
12,8,12.0,659.84
12,8,13.0,580.18
12,8,14.0,539.09
12,8,15.0,208.77
12,8,16.0,43.52
12,8,17.0,0.0
12,8,18.0,7.69
12,8,19.0,-0.0
12,8,20.0,-0.0
12,8,21.0,-0.0
12,8,22.0,-0.0
12,8,23.0,-0.0
12,9,0.0,-0.0
12,9,1.0,-0.0
12,9,2.0,-0.0
12,9,3.0,-0.0
12,9,4.0,-0.0
12,9,5.0,-0.0
12,9,6.0,0.0
12,9,7.0,0.0
12,9,8.0,0.0
12,9,9.0,0.0
12,9,10.0,8.55
12,9,11.0,52.97
12,9,12.0,686.91
12,9,13.0,414.28
12,9,14.0,0.0
12,9,15.0,235.08
12,9,16.0,830.23
12,9,17.0,546.81
12,9,18.0,250.17
12,9,19.0,-0.0
12,9,20.0,-0.0
12,9,21.0,-0.0
12,9,22.0,-0.0
12,9,23.0,-0.0
12,10,0.0,-0.0
12,10,1.0,-0.0
12,10,2.0,-0.0
12,10,3.0,-0.0
12,10,4.0,-0.0
12,10,5.0,-0.0
12,10,6.0,0.0
12,10,7.0,117.62
12,10,8.0,144.79
12,10,9.0,581.39
12,10,10.0,684.72
12,10,11.0,715.28
12,10,12.0,536.0
12,10,13.0,498.81
12,10,14.0,432.18
12,10,15.0,0.0
12,10,16.0,0.0
12,10,17.0,0.0
12,10,18.0,0.0
12,10,19.0,-0.0
12,10,20.0,-0.0
12,10,21.0,-0.0
12,10,22.0,-0.0
12,10,23.0,-0.0
12,11,0.0,-0.0
12,11,1.0,-0.0
12,11,2.0,-0.0
12,11,3.0,-0.0
12,11,4.0,-0.0
12,11,5.0,-0.0
12,11,6.0,0.0
12,11,7.0,54.98
12,11,8.0,2.17
12,11,9.0,0.0
12,11,10.0,0.0
12,11,11.0,0.0
12,11,12.0,56.61
12,11,13.0,630.28
12,11,14.0,784.72
12,11,15.0,922.06
12,11,16.0,397.6
12,11,17.0,593.48
12,11,18.0,7.36
12,11,19.0,-0.0
12,11,20.0,-0.0
12,11,21.0,-0.0
12,11,22.0,-0.0
12,11,23.0,-0.0
12,12,0.0,-0.0
12,12,1.0,-0.0
12,12,2.0,-0.0
12,12,3.0,-0.0
12,12,4.0,-0.0
12,12,5.0,-0.0
12,12,6.0,-0.0
12,12,7.0,259.77
12,12,8.0,472.22
12,12,9.0,301.11
12,12,10.0,461.1
12,12,11.0,409.8
12,12,12.0,66.93
12,12,13.0,0.0
12,12,14.0,160.47
12,12,15.0,0.0
12,12,16.0,0.0
12,12,17.0,0.0
12,12,18.0,0.0
12,12,19.0,-0.0
12,12,20.0,-0.0
12,12,21.0,-0.0
12,12,22.0,-0.0
12,12,23.0,-0.0
12,13,0.0,-0.0
12,13,1.0,-0.0
12,13,2.0,-0.0
12,13,3.0,-0.0
12,13,4.0,-0.0
12,13,5.0,-0.0
12,13,6.0,-0.0
12,13,7.0,150.11
12,13,8.0,104.82
12,13,9.0,67.06
12,13,10.0,50.35
12,13,11.0,8.68
12,13,12.0,30.9
12,13,13.0,322.4
12,13,14.0,638.08
12,13,15.0,587.98
12,13,16.0,464.5
12,13,17.0,5.39
12,13,18.0,0.0
12,13,19.0,-0.0
12,13,20.0,-0.0
12,13,21.0,-0.0
12,13,22.0,-0.0
12,13,23.0,-0.0
12,14,0.0,-0.0
12,14,1.0,-0.0
12,14,2.0,-0.0
12,14,3.0,-0.0
12,14,4.0,-0.0
12,14,5.0,-0.0
12,14,6.0,-0.0
12,14,7.0,0.0
12,14,8.0,0.0
12,14,9.0,0.0
12,14,10.0,0.0
12,14,11.0,1.09
12,14,12.0,3.09
12,14,13.0,297.33
12,14,14.0,374.69
12,14,15.0,519.89
12,14,16.0,454.79
12,14,17.0,123.5
12,14,18.0,84.77
12,14,19.0,-0.0
12,14,20.0,-0.0
12,14,21.0,-0.0
12,14,22.0,-0.0
12,14,23.0,-0.0
12,15,0.0,-0.0
12,15,1.0,-0.0
12,15,2.0,-0.0
12,15,3.0,-0.0
12,15,4.0,-0.0
12,15,5.0,-0.0
12,15,6.0,-0.0
12,15,7.0,0.0
12,15,8.0,6.6
12,15,9.0,137.79
12,15,10.0,190.91
12,15,11.0,301.09
12,15,12.0,396.89
12,15,13.0,657.15
12,15,14.0,338.35
12,15,15.0,0.0
12,15,16.0,0.0
12,15,17.0,0.0
12,15,18.0,0.0
12,15,19.0,-0.0
12,15,20.0,-0.0
12,15,21.0,-0.0
12,15,22.0,-0.0
12,15,23.0,-0.0
12,16,0.0,-0.0
12,16,1.0,-0.0
12,16,2.0,-0.0
12,16,3.0,-0.0
12,16,4.0,-0.0
12,16,5.0,-0.0
12,16,6.0,-0.0
12,16,7.0,74.54
12,16,8.0,0.0
12,16,9.0,35.29
12,16,10.0,22.2
12,16,11.0,121.84
12,16,12.0,80.44
12,16,13.0,80.31
12,16,14.0,296.4
12,16,15.0,100.0
12,16,16.0,356.91
12,16,17.0,61.18
12,16,18.0,48.15
12,16,19.0,-0.0
12,16,20.0,-0.0
12,16,21.0,-0.0
12,16,22.0,-0.0
12,16,23.0,-0.0
12,17,0.0,-0.0
12,17,1.0,-0.0
12,17,2.0,-0.0
12,17,3.0,-0.0
12,17,4.0,-0.0
12,17,5.0,-0.0
12,17,6.0,-0.0
12,17,7.0,0.0
12,17,8.0,0.0
12,17,9.0,0.0
12,17,10.0,0.0
12,17,11.0,0.0
12,17,12.0,0.0
12,17,13.0,0.0
12,17,14.0,0.0
12,17,15.0,0.0
12,17,16.0,0.0
12,17,17.0,0.0
12,17,18.0,0.0
12,17,19.0,-0.0
12,17,20.0,-0.0
12,17,21.0,-0.0
12,17,22.0,-0.0
12,17,23.0,-0.0
12,18,0.0,-0.0
12,18,1.0,-0.0
12,18,2.0,-0.0
12,18,3.0,-0.0
12,18,4.0,-0.0
12,18,5.0,-0.0
12,18,6.0,-0.0
12,18,7.0,0.0
12,18,8.0,0.0
12,18,9.0,24.66
12,18,10.0,8.66
12,18,11.0,225.55
12,18,12.0,244.54
12,18,13.0,159.5
12,18,14.0,4.5
12,18,15.0,447.38
12,18,16.0,0.0
12,18,17.0,0.0
12,18,18.0,0.0
12,18,19.0,-0.0
12,18,20.0,-0.0
12,18,21.0,-0.0
12,18,22.0,-0.0
12,18,23.0,-0.0
12,19,0.0,-0.0
12,19,1.0,-0.0
12,19,2.0,-0.0
12,19,3.0,-0.0
12,19,4.0,-0.0
12,19,5.0,-0.0
12,19,6.0,-0.0
12,19,7.0,58.36
12,19,8.0,361.63
12,19,9.0,565.36
12,19,10.0,195.7
12,19,11.0,239.9
12,19,12.0,166.16
12,19,13.0,100.05
12,19,14.0,1.12
12,19,15.0,2.62
12,19,16.0,0.0
12,19,17.0,0.0
12,19,18.0,0.0
12,19,19.0,-0.0
12,19,20.0,-0.0
12,19,21.0,-0.0
12,19,22.0,-0.0
12,19,23.0,-0.0
12,20,0.0,-0.0
12,20,1.0,-0.0
12,20,2.0,-0.0
12,20,3.0,-0.0
12,20,4.0,-0.0
12,20,5.0,-0.0
12,20,6.0,-0.0
12,20,7.0,81.47
12,20,8.0,430.22
12,20,9.0,400.97
12,20,10.0,458.9
12,20,11.0,0.0
12,20,12.0,177.55
12,20,13.0,3.13
12,20,14.0,0.0
12,20,15.0,0.0
12,20,16.0,0.0
12,20,17.0,0.0
12,20,18.0,0.0
12,20,19.0,-0.0
12,20,20.0,-0.0
12,20,21.0,-0.0
12,20,22.0,-0.0
12,20,23.0,-0.0
12,21,0.0,-0.0
12,21,1.0,-0.0
12,21,2.0,-0.0
12,21,3.0,-0.0
12,21,4.0,-0.0
12,21,5.0,-0.0
12,21,6.0,-0.0
12,21,7.0,0.0
12,21,8.0,150.7
12,21,9.0,221.88
12,21,10.0,103.08
12,21,11.0,151.79
12,21,12.0,36.14
12,21,13.0,0.0
12,21,14.0,8.98
12,21,15.0,7.84
12,21,16.0,0.0
12,21,17.0,0.0
12,21,18.0,0.0
12,21,19.0,-0.0
12,21,20.0,-0.0
12,21,21.0,-0.0
12,21,22.0,-0.0
12,21,23.0,-0.0
12,22,0.0,-0.0
12,22,1.0,-0.0
12,22,2.0,-0.0
12,22,3.0,-0.0
12,22,4.0,-0.0
12,22,5.0,-0.0
12,22,6.0,-0.0
12,22,7.0,9.2
12,22,8.0,0.0
12,22,9.0,0.0
12,22,10.0,26.12
12,22,11.0,83.05
12,22,12.0,109.46
12,22,13.0,499.79
12,22,14.0,190.65
12,22,15.0,163.0
12,22,16.0,8.41
12,22,17.0,0.0
12,22,18.0,0.0
12,22,19.0,-0.0
12,22,20.0,-0.0
12,22,21.0,-0.0
12,22,22.0,-0.0
12,22,23.0,-0.0
12,23,0.0,-0.0
12,23,1.0,-0.0
12,23,2.0,-0.0
12,23,3.0,-0.0
12,23,4.0,-0.0
12,23,5.0,-0.0
12,23,6.0,-0.0
12,23,7.0,218.17
12,23,8.0,376.22
12,23,9.0,763.62
12,23,10.0,534.18
12,23,11.0,943.7
12,23,12.0,714.68
12,23,13.0,511.06
12,23,14.0,997.23
12,23,15.0,0.0
12,23,16.0,0.0
12,23,17.0,0.0
12,23,18.0,0.0
12,23,19.0,-0.0
12,23,20.0,-0.0
12,23,21.0,-0.0
12,23,22.0,-0.0
12,23,23.0,-0.0
12,24,0.0,-0.0
12,24,1.0,-0.0
12,24,2.0,-0.0
12,24,3.0,-0.0
12,24,4.0,-0.0
12,24,5.0,-0.0
12,24,6.0,-0.0
12,24,7.0,341.82
12,24,8.0,568.77
12,24,9.0,509.15
12,24,10.0,789.2
12,24,11.0,700.29
12,24,12.0,559.82
12,24,13.0,594.09
12,24,14.0,578.75
12,24,15.0,592.74
12,24,16.0,413.34
12,24,17.0,17.96
12,24,18.0,0.0
12,24,19.0,-0.0
12,24,20.0,-0.0
12,24,21.0,-0.0
12,24,22.0,-0.0
12,24,23.0,-0.0
12,25,0.0,-0.0
12,25,1.0,-0.0
12,25,2.0,-0.0
12,25,3.0,-0.0
12,25,4.0,-0.0
12,25,5.0,-0.0
12,25,6.0,-0.0
12,25,7.0,188.95
12,25,8.0,173.57
12,25,9.0,679.3
12,25,10.0,820.15
12,25,11.0,812.39
12,25,12.0,559.86
12,25,13.0,511.68
12,25,14.0,366.82
12,25,15.0,118.1
12,25,16.0,0.0
12,25,17.0,0.0
12,25,18.0,0.0
12,25,19.0,-0.0
12,25,20.0,-0.0
12,25,21.0,-0.0
12,25,22.0,-0.0
12,25,23.0,-0.0
12,26,0.0,-0.0
12,26,1.0,-0.0
12,26,2.0,-0.0
12,26,3.0,-0.0
12,26,4.0,-0.0
12,26,5.0,-0.0
12,26,6.0,-0.0
12,26,7.0,390.82
12,26,8.0,600.66
12,26,9.0,790.56
12,26,10.0,667.42
12,26,11.0,449.15
12,26,12.0,458.65
12,26,13.0,795.23
12,26,14.0,616.73
12,26,15.0,0.0
12,26,16.0,0.0
12,26,17.0,0.0
12,26,18.0,0.0
12,26,19.0,-0.0
12,26,20.0,-0.0
12,26,21.0,-0.0
12,26,22.0,-0.0
12,26,23.0,-0.0
12,27,0.0,-0.0
12,27,1.0,-0.0
12,27,2.0,-0.0
12,27,3.0,-0.0
12,27,4.0,-0.0
12,27,5.0,-0.0
12,27,6.0,-0.0
12,27,7.0,269.33
12,27,8.0,333.71
12,27,9.0,804.82
12,27,10.0,818.38
12,27,11.0,780.41
12,27,12.0,149.79
12,27,13.0,1025.52
12,27,14.0,641.78
12,27,15.0,525.19
12,27,16.0,94.66
12,27,17.0,0.0
12,27,18.0,0.0
12,27,19.0,-0.0
12,27,20.0,-0.0
12,27,21.0,-0.0
12,27,22.0,-0.0
12,27,23.0,-0.0
12,28,0.0,-0.0
12,28,1.0,-0.0
12,28,2.0,-0.0
12,28,3.0,-0.0
12,28,4.0,-0.0
12,28,5.0,-0.0
12,28,6.0,-0.0
12,28,7.0,0.0
12,28,8.0,0.0
12,28,9.0,4.73
12,28,10.0,214.23
12,28,11.0,765.47
12,28,12.0,797.48
12,28,13.0,875.45
12,28,14.0,628.86
12,28,15.0,631.51
12,28,16.0,646.01
12,28,17.0,189.1
12,28,18.0,179.48
12,28,19.0,-0.0
12,28,20.0,-0.0
12,28,21.0,-0.0
12,28,22.0,-0.0
12,28,23.0,-0.0
12,29,0.0,-0.0
12,29,1.0,-0.0
12,29,2.0,-0.0
12,29,3.0,-0.0
12,29,4.0,-0.0
12,29,5.0,-0.0
12,29,6.0,-0.0
12,29,7.0,48.99
12,29,8.0,60.3
12,29,9.0,274.67
12,29,10.0,334.88
12,29,11.0,621.01
12,29,12.0,928.63
12,29,13.0,892.63
12,29,14.0,820.9
12,29,15.0,42.55
12,29,16.0,0.0
12,29,17.0,77.83
12,29,18.0,59.23
12,29,19.0,-0.0
12,29,20.0,-0.0
12,29,21.0,-0.0
12,29,22.0,-0.0
12,29,23.0,-0.0
12,30,0.0,-0.0
12,30,1.0,-0.0
12,30,2.0,-0.0
12,30,3.0,-0.0
12,30,4.0,-0.0
12,30,5.0,-0.0
12,30,6.0,-0.0
12,30,7.0,197.79
12,30,8.0,37.25
12,30,9.0,140.78
12,30,10.0,214.71
12,30,11.0,186.61
12,30,12.0,154.93
12,30,13.0,229.26
12,30,14.0,0.0
12,30,15.0,0.0
12,30,16.0,9.89
12,30,17.0,0.0
12,30,18.0,0.0
12,30,19.0,-0.0
12,30,20.0,-0.0
12,30,21.0,-0.0
12,30,22.0,-0.0
12,30,23.0,-0.0
12,31,0.0,-0.0
12,31,1.0,-0.0
12,31,2.0,-0.0
12,31,3.0,-0.0
12,31,4.0,-0.0
12,31,5.0,-0.0
12,31,6.0,-0.0
12,31,7.0,44.93
12,31,8.0,7.01
12,31,9.0,64.99
12,31,10.0,75.42
12,31,11.0,174.61
12,31,12.0,359.41
12,31,13.0,341.1
12,31,14.0,111.15
12,31,15.0,118.22
12,31,16.0,0.0
12,31,17.0,0.0
12,31,18.0,0.0
12,31,19.0,-0.0
12,31,20.0,-0.0
